V4MDMkP027VMdwP6q8pI,vicky_purvis@correo.com,V4MDMkP027VMdwP6q8pI.png,range,0
o547tMl4itloj4HuZsxf,vicky_purvis@correo.com,o547tMl4itloj4HuZsxf.png,joyfully system,0
7WrK3T8AN61evEN8v6UW,barry_hope@correo.com,7WrK3T8AN61evEN8v6UW.png,sternly fear,0
F4lp2crhIYlXGHf8DUcp,vicky_purvis@correo.com,F4lp2crhIYlXGHf8DUcp.png,forth brother before vest,0
O4A3S034FgzVmced01T3,angelina_knott@correo.com,O4A3S034FgzVmced01T3.png,loyally amount,0
Z2XqWi0WY0VVq3s8l1p7,daniel_snow@correo.com,Z2XqWi0WY0VVq3s8l1p7.png,The freely hook,0
JpVg56zqUdlAc801KW21,angelina_knott@correo.com,JpVg56zqUdlAc801KW21.png,fully brass,10
coKm40U0sFT0I7x2nvBZ,daniel_snow@correo.com,coKm40U0sFT0I7x2nvBZ.png,twice trail,0
V8C2Lr1gvnzIuxDNoobL,angelina_knott@correo.com,V8C2Lr1gvnzIuxDNoobL.png,The evasive copper,0
57bao85huP30i43IIOQW,angelina_knott@correo.com,57bao85huP30i43IIOQW.png,The lying lumber,2
wsHqV8mVuV0k4AQYn2I4,daniel_snow@correo.com,wsHqV8mVuV0k4AQYn2I4.png,closely end,0
eD8L143u0D1J0M30S45F,angelina_knott@correo.com,eD8L143u0D1J0M30S45F.png,The judicious icicle,0
KH4ryo0mKLtZN28O1xd0,daniel_snow@correo.com,KH4ryo0mKLtZN28O1xd0.png,again pest,0
4Rc7V6wI4QL2gPvEL07l,nathan_rixon@correo.com,4Rc7V6wI4QL2gPvEL07l.png,glove,0
74Lk22L51NsES1Mo6C48,daniel_snow@correo.com,74Lk22L51NsES1Mo6C48.png,youthfully limit,0
7xxNYvP2xW8Y8JRIuS0x,martin_barrett@correo.com,7xxNYvP2xW8Y8JRIuS0x.png,The spooky hook,0
Lg3m2111z7iGF4XOBXu3,nathan_rixon@correo.com,Lg3m2111z7iGF4XOBXu3.png,briskly meat,0
45jGPmZiqS1LyRK4p270,martin_barrett@correo.com,45jGPmZiqS1LyRK4p270.png,punctually base,0
Nq5xySgb1Iz4zFX4iY3C,nathan_rixon@correo.com,Nq5xySgb1Iz4zFX4iY3C.png,drawer,0
a32ofEJduveZ65rvxy25,alexander_warner@correo.com,a32ofEJduveZ65rvxy25.png,The selfishly reason,6
2xSR6mRfzmvzD4Yxp8c7,kurt_shea@correo.com,2xSR6mRfzmvzD4Yxp8c7.png,The lumpy plane,0
u3n28k7d5GfHWpS4cPqu,alexander_warner@correo.com,u3n28k7d5GfHWpS4cPqu.png,The uselessly office,0
eNmCRtK65180hOu8t02Y,martin_barrett@correo.com,eNmCRtK65180hOu8t02Y.png,bleakly milk opposite event,10
q8h88bwdfp5442e36s0a,bart_devonport@correo.com,q8h88bwdfp5442e36s0a.png,The really men,0
xdXTz2Mi44A0y6B6RM63,martin_barrett@correo.com,xdXTz2Mi44A0y6B6RM63.png,The responsible porter,0
ANz4e754hj7lso34K4Mu,alexander_warner@correo.com,ANz4e754hj7lso34K4Mu.png,The yearningly change,3
4PO2840SOD18tLDhVnup,kurt_shea@correo.com,4PO2840SOD18tLDhVnup.png,The lethal wheel,0
jllZW7dJNFpvWqAM036O,martin_barrett@correo.com,jllZW7dJNFpvWqAM036O.png,mainly turn,2
Kz36A42Oqbag0iC4F48w,bart_devonport@correo.com,Kz36A42Oqbag0iC4F48w.png,The tame machine,3
Y4x31Jrg41k7kX20B78Q,alexander_warner@correo.com,Y4x31Jrg41k7kX20B78Q.png,The physically cause,4
qL4ZvVP4f5j3O1Kfy2G0,kurt_shea@correo.com,qL4ZvVP4f5j3O1Kfy2G0.png,obnoxiously string plus shake,0
XLl4gGE0h3TnaTLU67Z6,alexander_warner@correo.com,XLl4gGE0h3TnaTLU67Z6.png,constantly appliance,0
Rj82AB4qF01ecyH5mn3I,sara_sloan@correo.com,Rj82AB4qF01ecyH5mn3I.png,office,0
dLo8w2311FZC4F67cNm7,matt_ashwell@correo.com,dLo8w2311FZC4F67cNm7.png,grass,0
JYY7dyD8TPQSHcb1gA3u,sara_sloan@correo.com,JYY7dyD8TPQSHcb1gA3u.png,The educated nose,0
TmN5pu4qUCfk1Ik0587C,ron_simmons@correo.com,TmN5pu4qUCfk1Ik0587C.png,The squalid toy,0
5uHd8iF6URrrv7xl21y2,matt_ashwell@correo.com,5uHd8iF6URrrv7xl21y2.png,The obediently wing,0
F3PAnSp1nw027m5RKXrc,molly_gates@correo.com,F3PAnSp1nw027m5RKXrc.png,The acidly cushion,0
6KDY467H5TnUDbbb4LNF,ron_simmons@correo.com,6KDY467H5TnUDbbb4LNF.png,The frightened pencil,0
xzGvF1g7WOSbP3412M2w,sara_sloan@correo.com,xzGvF1g7WOSbP3412M2w.png,strongly pear,0
h4T284Yo7u40hGs8mK32,molly_gates@correo.com,h4T284Yo7u40hGs8mK32.png,The coaxingly collar,0
vSVqpqw4GS41kBZmQz55,sara_sloan@correo.com,vSVqpqw4GS41kBZmQz55.png,profit,0
t0d0LjvdpeQ1HM1Y6N7d,molly_gates@correo.com,t0d0LjvdpeQ1HM1Y6N7d.png,spy,0
wD5Qmp1KzCQnD5c7pz1n,molly_gates@correo.com,wD5Qmp1KzCQnD5c7pz1n.png,sometimes pen to rake,0
NZ3R1r4tU7F4oxN8ee7L,rocco_tobin@correo.com,NZ3R1r4tU7F4oxN8ee7L.png,soap,7
6hfpHQqeL377lR262Zmv,deborah_ebbs@correo.com,6hfpHQqeL377lR262Zmv.png,The vacantly cart,10
6jOt1Gm3sRUo54751Nvc,rocco_tobin@correo.com,6jOt1Gm3sRUo54751Nvc.png,devotedly hope,0
fCSuA1o3LLUuRanD6xQ7,deborah_ebbs@correo.com,fCSuA1o3LLUuRanD6xQ7.png,work,10
qrcV1bEGanv0I70kHD5A,ada_parker@correo.com,qrcV1bEGanv0I70kHD5A.png,The scrawny snow,0
gzNHlt4hGCHSNrj17vN2,paige_baker@correo.com,gzNHlt4hGCHSNrj17vN2.png,discovery,9
0vg6A11bMEul611BzB5L,paige_baker@correo.com,0vg6A11bMEul611BzB5L.png,instead veil,0
Kc0tZZaZ3YqIE251dqg5,tony_khan@correo.com,Kc0tZZaZ3YqIE251dqg5.png,The previously stop,0
0ByeP5PgSlMg1828l53U,alba_holmes@correo.com,0ByeP5PgSlMg1828l53U.png,thus vest beyond servant,0
X08aC5066KvNF74D55XZ,rufus_myatt@correo.com,X08aC5066KvNF74D55XZ.png,The bored table,0
Z6Xe1OngvZtIS72k2P5j,alba_holmes@correo.com,Z6Xe1OngvZtIS72k2P5j.png,The heady front,0
EysutjoqO3W1n0Gjr2PC,paige_baker@correo.com,EysutjoqO3W1n0Gjr2PC.png,The mysterious circle,8
46xWfn7Clk2Wv8n8cQaq,tony_khan@correo.com,46xWfn7Clk2Wv8n8cQaq.png,upliftingly pail,0
Zm5mQ4YOja0tknhqpydA,alba_holmes@correo.com,Zm5mQ4YOja0tknhqpydA.png,obnoxiously metal,0
Z41ya4Qm0aG41bX67NTk,rufus_myatt@correo.com,Z41ya4Qm0aG41bX67NTk.png,quizzically argument considering form,0
4DotDlJXFU0E8fb6q4ma,rowan_mcgregor@correo.com,4DotDlJXFU0E8fb6q4ma.png,tray,6
3Jg4k3nL8r4Ze8s4n4eZ,tony_khan@correo.com,3Jg4k3nL8r4Ze8s4n4eZ.png,The unabashedly fact,0
Byg3Bb4Qx88OXBIpvTUw,alba_holmes@correo.com,Byg3Bb4Qx88OXBIpvTUw.png,The historical coach,0
6pX8ceRSCDyV2S8S6ILM,tony_khan@correo.com,6pX8ceRSCDyV2S8S6ILM.png,valiantly card since throat,0
C4ExsCV1tX816r033uwQ,rowan_mcgregor@correo.com,C4ExsCV1tX816r033uwQ.png,absentmindedly visitor,0
8Me46CLxY13YAVq0vOU5,sienna_jenkin@correo.com,8Me46CLxY13YAVq0vOU5.png,The boiling eyes,0
PAAT5Dir7z0uN2JZ4AN4,tony_khan@correo.com,PAAT5Dir7z0uN2JZ4AN4.png,yak,0
fw83383GUZ44gK2u0fjS,logan_vollans@correo.com,fw83383GUZ44gK2u0fjS.png,The long-term club,0
4f8pbmADCOQe7sAo50M7,angel_freeburn@correo.com,4f8pbmADCOQe7sAo50M7.png,The devotedly oil,5
xI2h8okLk6475aFo52IJ,sienna_jenkin@correo.com,xI2h8okLk6475aFo52IJ.png,unexpectedly door,0
12za4HaBJrsO5SDA1Gx6,lynn_milner@correo.com,12za4HaBJrsO5SDA1Gx6.png,however women,3
0758v5sdnXSErZJ8SB34,tess_logan@correo.com,0758v5sdnXSErZJ8SB34.png,The itchy tiger,0
Zxy0LGG1aaKkQ0RN1Z31,lynn_milner@correo.com,Zxy0LGG1aaKkQ0RN1Z31.png,debt,4
EIh2d11KXC10ArDt11tL,caleb_button@correo.com,EIh2d11KXC10ArDt11tL.png,pipe,7
5S236MNG87jnV8WVXzgG,tess_logan@correo.com,5S236MNG87jnV8WVXzgG.png,canvas,0
HAU1oqZZ3468hMFNB7e8,marigold_whitmore@correo.com,HAU1oqZZ3468hMFNB7e8.png,The extra-large maid,3
l3L65lby3zj4Ht76r6ad,tess_logan@correo.com,l3L65lby3zj4Ht76r6ad.png,flag,0
VZ0462Drjx1l3gDOE3Vv,chadwick_roscoe@correo.com,VZ0462Drjx1l3gDOE3Vv.png,The blue-eyed shoes,0
j47WsYIlLaSU117cdiG1,susan_kennedy@correo.com,j47WsYIlLaSU117cdiG1.png,truthfully system since toothbrush,0
o8l1851hKvmnZ7ZwVDP1,susan_kennedy@correo.com,o8l1851hKvmnZ7ZwVDP1.png,separately trail,0
UK8n051pFq577sq5L1Z1,chadwick_roscoe@correo.com,UK8n051pFq577sq5L1Z1.png,note,5
ZZRMytW8EU5A4RSF0rj2,gemma_shaw@correo.com,ZZRMytW8EU5A4RSF0rj2.png,The wholly gate,0
03pzFm5SB7824oS4x308,susan_kennedy@correo.com,03pzFm5SB7824oS4x308.png,The ripe op,0
VaRfP8IPpOTO1wrYipS6,chadwick_roscoe@correo.com,VaRfP8IPpOTO1wrYipS6.png,commonly rate,6
ZbowFfH3ANU5MX811P13,adina_morley@correo.com,ZbowFfH3ANU5MX811P13.png,The profuse girl,0
X08yu6336cmUD5R5ibqV,susan_kennedy@correo.com,X08yu6336cmUD5R5ibqV.png,finger,0
h51q34T8cR2h27fb6064,gemma_shaw@correo.com,h51q34T8cR2h27fb6064.png,The annually gold,0
6p6hxQN2cxANAi30DqBl,gemma_shaw@correo.com,6p6hxQN2cxANAi30DqBl.png,The nostalgic produce,0
v0JUPV6zZF0k4kT7fWUM,adina_morley@correo.com,v0JUPV6zZF0k4kT7fWUM.png,viciously afternoon,0
c5C28hlZkkNS1rM0RC8K,adina_morley@correo.com,c5C28hlZkkNS1rM0RC8K.png,The cut insurance,2
f5v00sJ7uCMCui7JlIE2,nathan_rossi@correo.com,f5v00sJ7uCMCui7JlIE2.png,The fiercely stretch,4
t55qP2835xUhWVeeMI2z,susan_kennedy@correo.com,t55qP2835xUhWVeeMI2z.png,partner,0
3j84xgo47583xg61Grph,ema_osman@correo.com,3j84xgo47583xg61Grph.png,The charming stem,0
466iwptUFWjLxVnhM62C,adina_morley@correo.com,466iwptUFWjLxVnhM62C.png,The diligent wrench,0
55r77BmVB2uKLyj25jp0,nathan_rossi@correo.com,55r77BmVB2uKLyj25jp0.png,The omniscient sidewalk,0
D52K1zfmb81QQ32j0EYk,nathan_rossi@correo.com,D52K1zfmb81QQ32j0EYk.png,The rustic middle,0
G7Eoew1C63fX5PqAxneo,adina_morley@correo.com,G7Eoew1C63fX5PqAxneo.png,The elsewhere cream,2
g7wcN3iG83OgT3824B56,nathan_rossi@correo.com,g7wcN3iG83OgT3824B56.png,extremely zoo,0
Wbl5DQWUkevz3XvmGvwa,monica_radley@correo.com,Wbl5DQWUkevz3XvmGvwa.png,personally form,0
gW0g656pHSYh1lBt0oAj,hayden_nicholls@correo.com,gW0g656pHSYh1lBt0oAj.png,The dreamily coal,0
X866s8jd0oxD3sKEbPWS,nathan_rossi@correo.com,X866s8jd0oxD3sKEbPWS.png,The striped daughter,0
M1e0q2LyL1n06rJ0080y,ruby_rigg@correo.com,M1e0q2LyL1n06rJ0080y.png,The colorful amusement,8
A5048l4owN400qDXa7w4,monica_radley@correo.com,A5048l4owN400qDXa7w4.png,positively cheese,0
E8LPWvz6A0rGw4NHs6Mm,hayden_nicholls@correo.com,E8LPWvz6A0rGw4NHs6Mm.png,healthily noise,2
aL5VZO6akA2ASZXuR82X,ruby_rigg@correo.com,aL5VZO6akA2ASZXuR82X.png,The silently brick,9
67IW76q132fs4P03hm53,henry_simmons@correo.com,67IW76q132fs4P03hm53.png,The only wind,0
xOA68O88KCVksm7iNHQs,ruby_rigg@correo.com,xOA68O88KCVksm7iNHQs.png,The previously ants,0
iIBv8Zl2EF8HREB5857j,chris_graham@correo.com,iIBv8Zl2EF8HREB5857j.png,The deeply rain,0
cK5DD3785iPl7Rx5220R,chris_graham@correo.com,cK5DD3785iPl7Rx5220R.png,The near knife,0
bX2C4sMOSzE1L4j4eSW1,george_franks@correo.com,bX2C4sMOSzE1L4j4eSW1.png,water,0
2IdAxyT8axn1mrfR0F2h,henry_simmons@correo.com,2IdAxyT8axn1mrfR0F2h.png,busily business,0
63Kjw0R22uPoxYie4te2,ruby_rigg@correo.com,63Kjw0R22uPoxYie4te2.png,The mean moon,0
218q60b6mdIlrVlj2Ed2,henry_simmons@correo.com,218q60b6mdIlrVlj2Ed2.png,yawningly honey regarding flame,0
86gdqJ44sQDZGORDXFAN,george_franks@correo.com,86gdqJ44sQDZGORDXFAN.png,kindheartedly bottle,0
zpq200Z647X13C54AyMu,henry_simmons@correo.com,zpq200Z647X13C54AyMu.png,slightly bait beneath crib,0
t5slfbFY8m53LB8uND82,adina_edler@correo.com,t5slfbFY8m53LB8uND82.png,The scarcely crook,0
QjfPr5xWfcJg86BZeKP7,adina_edler@correo.com,QjfPr5xWfcJg86BZeKP7.png,The righteously cause,0
6l6eAz5zm8Zdd0Q0RF85,george_franks@correo.com,6l6eAz5zm8Zdd0Q0RF85.png,The superficial debt,0
pi4fsH64U6SF5Mr1PP6h,ruth_lindop@correo.com,pi4fsH64U6SF5Mr1PP6h.png,degree,10
8a6O3Z5RCwd87k237VMx,adina_edler@correo.com,8a6O3Z5RCwd87k237VMx.png,breath,9
Ae4v327w6hAj0b8LdwLX,george_franks@correo.com,Ae4v327w6hAj0b8LdwLX.png,hook,0
DJt64OJlmWE8oA4po2Z2,henry_simmons@correo.com,DJt64OJlmWE8oA4po2Z2.png,argument,0
djbJN7yateSDPOD0332f,ruth_lindop@correo.com,djbJN7yateSDPOD0332f.png,usually ants,5
L0cib1b0RhYvNi8rcsQ1,adina_edler@correo.com,L0cib1b0RhYvNi8rcsQ1.png,iron,0
4i35YI0gGNNA8S4MoVzz,rita_reese@correo.com,4i35YI0gGNNA8S4MoVzz.png,face,0
HMkXJRS0gsut8JtHM8er,hayden_saunders@correo.com,HMkXJRS0gsut8JtHM8er.png,The rightful duck,0
bC83dEy0g07nJ8K11c0G,adina_edler@correo.com,bC83dEy0g07nJ8K11c0G.png,The crooked key,6
415HfJy8N83W4x552TWp,ruth_lindop@correo.com,415HfJy8N83W4x552TWp.png,The sheepishly cart,0
Jv8XRgn2pLO53m44r41Q,hayden_saunders@correo.com,Jv8XRgn2pLO53m44r41Q.png,The premium quilt,0
xVY6e4e2VeF426Qc0Gb6,rita_reese@correo.com,xVY6e4e2VeF426Qc0Gb6.png,The easily istanc,0
vi2c421h3lnRbP24nXSt,hayden_saunders@correo.com,vi2c421h3lnRbP24nXSt.png,fortunately voice,0
i8S4gWs7ru56B3vuovBJ,rita_reese@correo.com,i8S4gWs7ru56B3vuovBJ.png,necessarily quiver under change,0
cc54b4RPRWq8P128U367,ruth_lindop@correo.com,cc54b4RPRWq8P128U367.png,The mysterious clam,5
ICMt3G12mRZBtJ7e4xpO,callie_callan@correo.com,ICMt3G12mRZBtJ7e4xpO.png,summer,0
q6uW3V2izbKwcRz6B20j,ruth_lindop@correo.com,q6uW3V2izbKwcRz6B20j.png,painfully air,0
boOLMLS147LQE15X0g71,callie_callan@correo.com,boOLMLS147LQE15X0g71.png,The reproachfully straw,0
i2SB0C0PKWqSyJBg4bOG,chuck_upton@correo.com,i2SB0C0PKWqSyJBg4bOG.png,cattle,1
OUH8sHSJro2KM67RA00a,tony_gilmore@correo.com,OUH8sHSJro2KM67RA00a.png,The important toys,5
T04RXKRg5GslkhSy7360,callie_callan@correo.com,T04RXKRg5GslkhSy7360.png,The grey hope,0
hN0iTYtn1XT48311CVjv,callie_callan@correo.com,hN0iTYtn1XT48311CVjv.png,company,0
Lo5U6I0DcYbpgeL5kiY6,tony_bristow@correo.com,Lo5U6I0DcYbpgeL5kiY6.png,The placid flavor,0
Hp7SpW6XWFIr0k4r7J37,tony_bristow@correo.com,Hp7SpW6XWFIr0k4r7J37.png,The righteously dog,0
8X7fHlYbuST132Ig0tql,ron_groves@correo.com,8X7fHlYbuST132Ig0tql.png,decision,0
F3P75v2D23ZG8M8bB70b,tony_gilmore@correo.com,F3P75v2D23ZG8M8bB70b.png,The upbeat birds,1
lW260RKBqBQrHwYp6Nbo,tony_bristow@correo.com,lW260RKBqBQrHwYp6Nbo.png,value,0
83b31ucwcHEYNc3cHs7C,vicky_riley@correo.com,83b31ucwcHEYNc3cHs7C.png,The careful liquid,0
JwkEANkke68Ox76NY40m,ron_groves@correo.com,JwkEANkke68Ox76NY40m.png,famously porter about society,0
70jlLz1G33qQMeYThSs0,tony_gilmore@correo.com,70jlLz1G33qQMeYThSs0.png,urgently ook,3
mT6aXE3Ezo5aJ6nKsAXC,tony_bristow@correo.com,mT6aXE3Ezo5aJ6nKsAXC.png,The shut water,0
Lofk0uqo1eyqoUF12s2E,ron_groves@correo.com,Lofk0uqo1eyqoUF12s2E.png,club,0
vgT7nMy55EO03e375EDp,ron_groves@correo.com,vgT7nMy55EO03e375EDp.png,The merely hall,0
65WHi3J4ifD1gaeX527L,sadie_darcy@correo.com,65WHi3J4ifD1gaeX527L.png,The mysterious ladybug,0
UZ5qS4sD04fAJ72Syd44,nate_penn@correo.com,UZ5qS4sD04fAJ72Syd44.png,The dimly back,0
E5rmR6QvUcg41dGR4i7V,maria_roberts@correo.com,E5rmR6QvUcg41dGR4i7V.png,fully bit,0
84o2F0cjPQP4b6r58LJP,ron_groves@correo.com,84o2F0cjPQP4b6r58LJP.png,The again invention,0
3L4GtCwfCgJ6cm58if12,sadie_darcy@correo.com,3L4GtCwfCgJ6cm58if12.png,linen,0
0aPnLT5ytL78S3542ISr,nate_penn@correo.com,0aPnLT5ytL78S3542ISr.png,originally nose,10
M5y6PO4y2tH2mRYD2yY8,sadie_darcy@correo.com,M5y6PO4y2tH2mRYD2yY8.png,initially coil,0
Qg38CCe6IONQ72x5n6w5,maria_roberts@correo.com,Qg38CCe6IONQ72x5n6w5.png,The political grip,0
V2j1BIxp3j26R3FIE146,sadie_darcy@correo.com,V2j1BIxp3j26R3FIE146.png,The questionable fish,0
06pW2s6vYGrgCvKQWLrt,piper_reading@correo.com,06pW2s6vYGrgCvKQWLrt.png,The playfully profit,0
WQte13MeyvTfdKGvaS2O,nate_penn@correo.com,WQte13MeyvTfdKGvaS2O.png,apparatus,5
8pi37vT11DQALkqyXF5Q,maria_roberts@correo.com,8pi37vT11DQALkqyXF5Q.png,The fondly wrist,0
i6jh613hx6o6s8qN21jS,piper_reading@correo.com,i6jh613hx6o6s8qN21jS.png,road,10
5vwT77IC7BEwUZUiyyC1,nate_penn@correo.com,5vwT77IC7BEwUZUiyyC1.png,advertisement,1
Tr68VQ152811Y536Rt8d,maria_roberts@correo.com,Tr68VQ152811Y536Rt8d.png,The aback stove,0
83FxfGE3P5Gh4tHKH48i,rebecca_oldfield@correo.com,83FxfGE3P5Gh4tHKH48i.png,The eatable spy,0
XWGl3017u041cnF248N5,piper_reading@correo.com,XWGl3017u041cnF248N5.png,The agreeable bikes,4
F0Y501umBYrJntkF76qr,maria_roberts@correo.com,F0Y501umBYrJntkF76qr.png,The solemnly space,0
vaT0N1Ff8wDMLi2y83x8,nate_adams@correo.com,vaT0N1Ff8wDMLi2y83x8.png,monthly education without aunt,0
3W6P4D053U0ok2XWd671,rebecca_oldfield@correo.com,3W6P4D053U0ok2XWd671.png,crime,0
IGo57Ng78E6mh4nWn7Hh,chester_waterhouse@correo.com,IGo57Ng78E6mh4nWn7Hh.png,The sweltering reading,0
E4KMLH0SPWhj24IE7AOZ,nate_adams@correo.com,E4KMLH0SPWhj24IE7AOZ.png,The yearningly cave,0
488sY2B668QhdpZMhHQ4,aeris_harrington@correo.com,488sY2B668QhdpZMhHQ4.png,The public shoes,0
g1z07O3nYFVSrH7EooN4,chester_waterhouse@correo.com,g1z07O3nYFVSrH7EooN4.png,The hysterical mouth,0
z7vM8vlyGExnG0CZ3q0T,maxwell_leigh@correo.com,z7vM8vlyGExnG0CZ3q0T.png,technically birds,0
44yJIc663f3kGZx7K3o7,nate_adams@correo.com,44yJIc663f3kGZx7K3o7.png,The milky line,0
4ul74LXe4co6EnvQq2bF,aeris_harrington@correo.com,4ul74LXe4co6EnvQq2bF.png,wildly twist,0
JEQn7R3TB1IHG06wU440,chester_waterhouse@correo.com,JEQn7R3TB1IHG06wU440.png,boy,0
8JNFZju44JjIUAhGF322,maxwell_leigh@correo.com,8JNFZju44JjIUAhGF322.png,friend,0
gRDp2sT7Va0H40N3880w,jayden_smith@correo.com,gRDp2sT7Va0H40N3880w.png,The fierce chin,0
w54k5Y6I3zduL53v36KT,jayden_smith@correo.com,w54k5Y6I3zduL53v36KT.png,The aromatic flag,0
ARv36bARSA06n8RePbH4,harmony_wilde@correo.com,ARv36bARSA06n8RePbH4.png,roughly crowd,2
25MirDY7YPx42Yn5Yo8o,javier_thomson@correo.com,25MirDY7YPx42Yn5Yo8o.png,dutifully receipt toward property,0
pZqqID60P6ibvtgsgk6H,charlotte_knight@correo.com,pZqqID60P6ibvtgsgk6H.png,ferociously smell,0
jT122utit1pzbPehiWu4,jayden_smith@correo.com,jT122utit1pzbPehiWu4.png,The noxious teeth,0
6U26eMllQtD44D5qgkrJ,harmony_wilde@correo.com,6U26eMllQtD44D5qgkrJ.png,kookily sun,4
618LXEVxE0WE84kkA3pa,charlotte_knight@correo.com,618LXEVxE0WE84kkA3pa.png,The prickly babies,0
XjZGIC0T1YEtgxkIpwUY,jayden_smith@correo.com,XjZGIC0T1YEtgxkIpwUY.png,overconfidently month,0
H7a18vb73D4di6qAq6qc,javier_thomson@correo.com,H7a18vb73D4di6qAq6qc.png,yawningly care,0
L5h33u3d6SD8p6msT6U3,javier_thomson@correo.com,L5h33u3d6SD8p6msT6U3.png,The needily ice,0
YG6D46qaRm8ST74sG1QC,jayden_smith@correo.com,YG6D46qaRm8ST74sG1QC.png,The automatic haircut,0
S6W60JaV16I5J2Oy4kvs,sofia_heaton@correo.com,S6W60JaV16I5J2Oy4kvs.png,The heavily skin,0
p0VJ4p4F0zuSaY145fdh,kieth_farrell@correo.com,p0VJ4p4F0zuSaY145fdh.png,dog,0
3O0S7A5Q568M6Vbt2kkH,javier_thomson@correo.com,3O0S7A5Q568M6Vbt2kkH.png,The vengeful earthquake,0
Z77gzK3B2laK6sI1n48b,kieth_farrell@correo.com,Z77gzK3B2laK6sI1n48b.png,thoroughly nut,0
6SCe30Zd1x8UL6nVrgfA,tom_graves@correo.com,6SCe30Zd1x8UL6nVrgfA.png,route,0
N37VAekpsF74W56EJz3W,william_bayliss@correo.com,N37VAekpsF74W56EJz3W.png,The modern birthday,0
s8a7v273472RRsSccCzW,javier_thomson@correo.com,s8a7v273472RRsSccCzW.png,reassuringly country,0
qcDFlx24s0iKS25HL77G,tom_graves@correo.com,qcDFlx24s0iKS25HL77G.png,The necessarily use,0
3x15wy42vqS7TIt05Ore,william_bayliss@correo.com,3x15wy42vqS7TIt05Ore.png,spy,0
sM3dKwYBZx7b8PlKo71s,chadwick_dixon@correo.com,sM3dKwYBZx7b8PlKo71s.png,gratefully friends,0
00eT486LYBvU2oc2HK7l,tom_graves@correo.com,00eT486LYBvU2oc2HK7l.png,The hesitant wax,0
5DRC480bYPep28D8K83G,karen_rodwell@correo.com,5DRC480bYPep28D8K83G.png,The abaft company,0
242p2G80A7Xe84vUJL87,chadwick_dixon@correo.com,242p2G80A7Xe84vUJL87.png,The true whistle,0
4BodwZY47qreck6iO1KD,william_bayliss@correo.com,4BodwZY47qreck6iO1KD.png,The offensively teaching,0
7N70d3gtqcP7nKiv3OyY,tom_graves@correo.com,7N70d3gtqcP7nKiv3OyY.png,shame,0
7A0XFCcRIEIH3X3e66Bt,melinda_may@correo.com,7A0XFCcRIEIH3X3e66Bt.png,The homely button,0
y8ur2P57WQ3ejnXajwPQ,william_bayliss@correo.com,y8ur2P57WQ3ejnXajwPQ.png,immediately army onto beef,0
Ggr7VB6J7R386AI0E78c,jack_richardson@correo.com,Ggr7VB6J7R386AI0E78c.png,The troubled destruction,0
WJ26q3h1D4mIo1NYS7Wn,meredith_brooks@correo.com,WJ26q3h1D4mIo1NYS7Wn.png,The dusty person,0
N50AYttuT2710b4O0ccx,harriet_owen@correo.com,N50AYttuT2710b4O0ccx.png,The changeable shop,0
mN1w283704r1D3GG8yN6,william_bayliss@correo.com,mN1w283704r1D3GG8yN6.png,well zoo,0
50Qae16Hw84eHYPm4pW5,jack_richardson@correo.com,50Qae16Hw84eHYPm4pW5.png,lip,0
Q2tQy10K6woZ6SSfUJ13,meredith_brooks@correo.com,Q2tQy10K6woZ6SSfUJ13.png,The unnaturally harmony,0
1ZN4J4o3YBblf5L6MEOf,celia_holmes@correo.com,1ZN4J4o3YBblf5L6MEOf.png,The terribly point,0
4V7s53c875Zb88L62Xdo,jack_richardson@correo.com,4V7s53c875Zb88L62Xdo.png,The wide deer,0
s6X0MvH0A8386lG8N4DO,oliver_quinnell@correo.com,s6X0MvH0A8386lG8N4DO.png,The disturbed office,0
71cUkGEyc42KQZjAOS4S,meredith_brooks@correo.com,71cUkGEyc42KQZjAOS4S.png,hot,0
aO1o2Qqw04sS5XuFx2TO,celia_holmes@correo.com,aO1o2Qqw04sS5XuFx2TO.png,beginner,0
vVKrIh2m7o1t70c3EN58,jack_richardson@correo.com,vVKrIh2m7o1t70c3EN58.png,arch,8
Pv31wBSCa56dc0P7A3n6,dasha_vince@correo.com,Pv31wBSCa56dc0P7A3n6.png,completely flag,10
121541L0PaD182M66j1X,celia_holmes@correo.com,121541L0PaD182M66j1X.png,evenly yard,0
C8XtIaXesNI5RToYI3cV,jack_richardson@correo.com,C8XtIaXesNI5RToYI3cV.png,The protective scarf,0
Ld6iQ5xT06YdY07ws1SL,meredith_brooks@correo.com,Ld6iQ5xT06YdY07ws1SL.png,quarrelsomely street,0
Nk7l4Q42N35Y2S43mJ41,dasha_vince@correo.com,Nk7l4Q42N35Y2S43mJ41.png,The positively wind,9
2QDA05U61t860Xrvo70v,meredith_brooks@correo.com,2QDA05U61t860Xrvo70v.png,The hideous fold,0
i01ikyO82U331Y5MiH4s,lara_quinton@correo.com,i01ikyO82U331Y5MiH4s.png,The quarrelsomely baseball,3
u3162YPGNCXXB6JR7bVI,dasha_vince@correo.com,u3162YPGNCXXB6JR7bVI.png,The succinct men,4
WK5Nq0r04xs54NgeWP78,noah_bentley@correo.com,WK5Nq0r04xs54NgeWP78.png,The solemnly birds,7
X4Jv1m1aw762K53y1cc3,dasha_vince@correo.com,X4Jv1m1aw762K53y1cc3.png,wetly wren,0
KCDBo2IeeBL1pbN7Wm0E,samara_eddison@correo.com,KCDBo2IeeBL1pbN7Wm0E.png,The waggish haircut,0
e7t3T538PKK3800E8851,noah_bentley@correo.com,e7t3T538PKK3800E8851.png,scarily hall,0
0S7J304yZE8Ya5m637us,dasha_vince@correo.com,0S7J304yZE8Ya5m637us.png,The creepy planes,0
tihzC8nS1daD7X10ow0N,samara_eddison@correo.com,tihzC8nS1daD7X10ow0N.png,The unaccountably committee,0
edA6C8q4pRaSKLhJdBmy,ember_mooney@correo.com,edA6C8q4pRaSKLhJdBmy.png,wonderfully leather,0
0H5h0jzOQJ76O5G40RT4,noah_bentley@correo.com,0H5h0jzOQJ76O5G40RT4.png,loosely story,0
bJCm4PAjQiNDxV0uT4oE,noah_bentley@correo.com,bJCm4PAjQiNDxV0uT4oE.png,The excitedly bit,0
0250NN7D8GLkx4G4g2E2,samara_eddison@correo.com,0250NN7D8GLkx4G4g2E2.png,The carelessly van,0
q7w0U21KTB000w717XA2,ember_mooney@correo.com,q7w0U21KTB000w717XA2.png,altogether activity before birds,0
NH6ePP2r1tjSuxVU652N,eileen_bolton@correo.com,NH6ePP2r1tjSuxVU652N.png,trees,0
7j40zD65DXBwvHX6Ryq2,noah_bentley@correo.com,7j40zD65DXBwvHX6Ryq2.png,treatment,6
at3Z3z454zFM5ezbiAi5,samara_eddison@correo.com,at3Z3z454zFM5ezbiAi5.png,pin,0
78DH7KcfzMb26z4GOpf6,leroy_murray@correo.com,78DH7KcfzMb26z4GOpf6.png,dress,0
AEoPv4p788P3CN61Tvpl,macy_powell@correo.com,AEoPv4p788P3CN61Tvpl.png,strictly sun over tub,6
tSRV43C2Nuco7Ollsg0S,macy_powell@correo.com,tSRV43C2Nuco7Ollsg0S.png,The also slip,5
6hvT0FlUo8tlfmbB16Mk,julianna_baker@correo.com,6hvT0FlUo8tlfmbB16Mk.png,The fascinated crib,0
5vSF7hEvqV5af6h3g7XV,macy_powell@correo.com,5vSF7hEvqV5af6h3g7XV.png,strongly dogs,0
D5yQi0dWdzcxaZDOs0uG,stephanie_murphy@correo.com,D5yQi0dWdzcxaZDOs0uG.png,The abrupt laborer,0
UJg7O3mSmi0FW5y4Gx8t,macy_powell@correo.com,UJg7O3mSmi0FW5y4Gx8t.png,The silent team,0
lg1642P7oX6q7w04etfx,bob_rixon@correo.com,lg1642P7oX6q7w04etfx.png,The seriously rhythm,0
3y7VwHKG7dNSr440KZtd,stephanie_murphy@correo.com,3y7VwHKG7dNSr440KZtd.png,The steadily low,0
1j8gvl55yZI8iGVyT2Gk,julianna_baker@correo.com,1j8gvl55yZI8iGVyT2Gk.png,The vast haircut,0
UQ7DR46NG615B0P63GZ4,stephanie_murphy@correo.com,UQ7DR46NG615B0P63GZ4.png,The significantly toy,0
2SWQAc1zyxiThAPsgd18,julianna_baker@correo.com,2SWQAc1zyxiThAPsgd18.png,The personally lumber,0
X5g6uNpf2gc5U7uJ634v,bob_rixon@correo.com,X5g6uNpf2gc5U7uJ634v.png,thoroughly nerve as snail,3
Yx7b2p485iKGbCl45F0o,macy_powell@correo.com,Yx7b2p485iKGbCl45F0o.png,The distinct pin,8
0CRJvOSu7DTTjS1Qv5IN,stephanie_murphy@correo.com,0CRJvOSu7DTTjS1Qv5IN.png,gracefully butter,0
4Tsu8tVPvu5e1aFU18Gx,julianna_baker@correo.com,4Tsu8tVPvu5e1aFU18Gx.png,The positively attraction,0
kcHnr384qtl5f54hmv0p,bob_rixon@correo.com,kcHnr384qtl5f54hmv0p.png,The cute change,0
JE51M8t2Rx1A887T3sOB,stephanie_murphy@correo.com,JE51M8t2Rx1A887T3sOB.png,shoes,0
V5gAjQ55T7372lQNx0Vk,julianna_baker@correo.com,V5gAjQ55T7372lQNx0Vk.png,The crossly baby,0
bxqz0v844x4TIzxVL03K,denis_cunningham@correo.com,bxqz0v844x4TIzxVL03K.png,The valiantly coal,0
m752Sw7zxi4bjt6CLZBT,denis_cunningham@correo.com,m752Sw7zxi4bjt6CLZBT.png,The angrily board,0
2611T6eE7A70B7XPDEU1,maya_clark@correo.com,2611T6eE7A70B7XPDEU1.png,evenly library as mailbox,0
7Z224Y7Vj5W1qFaJ57E1,bart_spencer@correo.com,7Z224Y7Vj5W1qFaJ57E1.png,eye,0
IE17uEN7hWQMP05LYScn,alan_payne@correo.com,IE17uEN7hWQMP05LYScn.png,generally island,0
21L3bLA38RphLiEsPb1Z,denis_cunningham@correo.com,21L3bLA38RphLiEsPb1Z.png,The little eye,0
v4PxncGQceeSUeq1Pbg2,bart_spencer@correo.com,v4PxncGQceeSUeq1Pbg2.png,duck,0
JwAirs5h1F3Pz2l5RM67,maya_clark@correo.com,JwAirs5h1F3Pz2l5RM67.png,The male veil,0
DCze5l6Ob10u7RKMkoYR,alan_payne@correo.com,DCze5l6Ob10u7RKMkoYR.png,offensively trucks inside stranger,0
a4FQ82r38j7yTEkG5mQc,enoch_fenton@correo.com,a4FQ82r38j7yTEkG5mQc.png,The instead dock,0
787r7iKa3Yv3SEZBMTB7,alan_payne@correo.com,787r7iKa3Yv3SEZBMTB7.png,enthusiastically teeth,0
uQQcz620Vx8jnF6Ka6b2,naomi_trent@correo.com,uQQcz620Vx8jnF6Ka6b2.png,The more voyage,0
KLLUMqo7MEK6R0bRHDQE,jack_harris@correo.com,KLLUMqo7MEK6R0bRHDQE.png,The classy basin,0
Um65pQ34OZe5Ma55t2Zp,enoch_fenton@correo.com,Um65pQ34OZe5Ma55t2Zp.png,branch,0
xqxzLaXQ30QkbQSK2EW4,jack_harris@correo.com,xqxzLaXQ30QkbQSK2EW4.png,knowingly chickens,0
8v2MDfWi4g7FNuJVnWj6,naomi_trent@correo.com,8v2MDfWi4g7FNuJVnWj6.png,The primarily trick,0
f2P106sLNWhRD4GlVRc4,naomi_trent@correo.com,f2P106sLNWhRD4GlVRc4.png,The taboo position,0
z5KFE3v8752670auAtsw,leroy_asher@correo.com,z5KFE3v8752670auAtsw.png,The unarmed note,4
W36n2fAh3L5HsR6O382x,jack_harris@correo.com,W36n2fAh3L5HsR6O382x.png,calmly cherries,0
Cj2aZLu8p4e2q2Eq1N6L,enoch_fenton@correo.com,Cj2aZLu8p4e2q2Eq1N6L.png,The cruel veil,0
1AgFNc1s5I3f2sPOug48,melanie_moreno@correo.com,1AgFNc1s5I3f2sPOug48.png,The loosely hose,5
cQt3Xsoug6wjgtJeWf20,jack_harris@correo.com,cQt3Xsoug6wjgtJeWf20.png,The difficult card,0
NOvaBfZZ2es0AQdY18nR,melanie_moreno@correo.com,NOvaBfZZ2es0AQdY18nR.png,The scandalous things,2
7c6Uz7wbQqdK7WMCj35E,makena_morrison@correo.com,7c6Uz7wbQqdK7WMCj35E.png,grass,0
sW54OYgvfTSNhhMIVWVJ,jack_harris@correo.com,sW54OYgvfTSNhhMIVWVJ.png,The petite tongue,0
1Ue77f3KF781Wn6c5YUs,marvin_wilton@correo.com,1Ue77f3KF781Wn6c5YUs.png,rain,6
U0cP2r3n1zQ55acJV4jR,makena_morrison@correo.com,U0cP2r3n1zQ55acJV4jR.png,The quizzically sofa,0
a61x1aMtbG5byYlhpZM4,joyce_boyle@correo.com,a61x1aMtbG5byYlhpZM4.png,The gleefully cannon,0
71PZ5HT0xT57A3Nfe8ny,makena_morrison@correo.com,71PZ5HT0xT57A3Nfe8ny.png,kindly lake,0
rrjlePYNrLMKKCMKymjZ,dakota_vallory@correo.com,rrjlePYNrLMKKCMKymjZ.png,meaningfully sail,0
aC8W13X7nJ4B1uYGEbv8,marvin_wilton@correo.com,aC8W13X7nJ4B1uYGEbv8.png,The bright can,0
hd3juOBsBLRW4B2X260T,dakota_vallory@correo.com,hd3juOBsBLRW4B2X260T.png,loftily frogs,0
8FjCNCVa43681s0JhK2j,cedrick_ellery@correo.com,8FjCNCVa43681s0JhK2j.png,exchange,0
585Xs8ErNbO872Bh6QlR,manuel_wilde@correo.com,585Xs8ErNbO872Bh6QlR.png,vainly frogs,8
Dn6wTCwEGMB3Mr6iirtM,erick_vaughn@correo.com,Dn6wTCwEGMB3Mr6iirtM.png,quince,8
rNlF3VG4Su2JXET727lc,dakota_vallory@correo.com,rNlF3VG4Su2JXET727lc.png,The primarily pickle,0
lYuA8bF3g0yNxA1c3GOp,manuel_wilde@correo.com,lYuA8bF3g0yNxA1c3GOp.png,fruit,3
sGwosdSH8mTG873aXHcs,bryon_styles@correo.com,sGwosdSH8mTG873aXHcs.png,push,0
b0aTq5KvlZ3D2OrJj504,kenzie_foxley@correo.com,b0aTq5KvlZ3D2OrJj504.png,representative,0
3fj4dV383mpqAO45uI5J,manuel_wilde@correo.com,3fj4dV383mpqAO45uI5J.png,The quizzical eye,2
OJ1000AatlZ2PfnbPiV4,ivy_miller@correo.com,OJ1000AatlZ2PfnbPiV4.png,The scarily stew,0
7B8v27YDbK1vg2Tt080t,manuel_wilde@correo.com,7B8v27YDbK1vg2Tt080t.png,reward,7
VjcjC8qbjjWgG1wvPr4m,ivy_miller@correo.com,VjcjC8qbjjWgG1wvPr4m.png,behavior,3
A1Ch6EN0Ln0siRWOSWIE,kenzie_foxley@correo.com,A1Ch6EN0Ln0siRWOSWIE.png,The silent mass,0
h2U637mBqtyZ173EI7dH,manuel_wilde@correo.com,h2U637mBqtyZ173EI7dH.png,keenly wheel,3
15RUB08kPtv777DxYk8J,ivy_miller@correo.com,15RUB08kPtv777DxYk8J.png,The coyly glass,9
unkb6kW3LW7ba47oFXf4,matt_stevens@correo.com,unkb6kW3LW7ba47oFXf4.png,The awesome cave,9
4zD3GB5gv8Ur32m4tI1o,ivy_miller@correo.com,4zD3GB5gv8Ur32m4tI1o.png,extremely top,0
12TEGM7dX48dW80MHAM4,caydence_raven@correo.com,12TEGM7dX48dW80MHAM4.png,The magenta design,0
Lu0ypWt2Ot5mhvj8G2I8,matt_stevens@correo.com,Lu0ypWt2Ot5mhvj8G2I8.png,The new pickle,3
6A7xPvUPNDo62aVp8eEK,william_eastwood@correo.com,6A7xPvUPNDo62aVp8eEK.png,reproachfully square,0
0j7GbBY5WsfLa6a7A7sz,caydence_raven@correo.com,0j7GbBY5WsfLa6a7A7sz.png,angle,0
Imwi7s3d1fZ2DoD2VG3n,ivy_miller@correo.com,Imwi7s3d1fZ2DoD2VG3n.png,kookily vein,7
5H43Uu8s5Qf5Zfv0ewt6,juliet_latham@correo.com,5H43Uu8s5Qf5Zfv0ewt6.png,dearly comparison,0
85b2a4AVw1O15x1w0R7M,william_eastwood@correo.com,85b2a4AVw1O15x1w0R7M.png,hopefully horse excepting company,0
K6xQE22d48305PhpJ3VM,chad_morris@correo.com,K6xQE22d48305PhpJ3VM.png,ladybug,0
wH82OqDf3324JXMPfhDF,william_eastwood@correo.com,wH82OqDf3324JXMPfhDF.png,The coyly car,0
jt5rtfV4idjETe08jAl0,marilyn_phillips@correo.com,jt5rtfV4idjETe08jAl0.png,queen,0
s02bPjN7q3QTPF7q0d5Q,william_eastwood@correo.com,s02bPjN7q3QTPF7q0d5Q.png,The seriously limit,0
sp2fcCWb52K78o6Ddran,gabriel_leslie@correo.com,sp2fcCWb52K78o6Ddran.png,The cheap calculator,0
Z12tumwAsQp5WNyqu1rn,carina_richardson@correo.com,Z12tumwAsQp5WNyqu1rn.png,The abiding elbow,0
CJSjwkj4AkfwjMe57T6t,gabriel_leslie@correo.com,CJSjwkj4AkfwjMe57T6t.png,The wrongly sticks,0
uO01xcC3I1vvqky0rVS8,tiffany_brock@correo.com,uO01xcC3I1vvqky0rVS8.png,The quicker sail,0
dbcult2ht53y3epBd2mt,carina_richardson@correo.com,dbcult2ht53y3epBd2mt.png,sweater,0
0FHc27r2ei61rZUr3vU1,tiffany_brock@correo.com,0FHc27r2ei61rZUr3vU1.png,sleepily mailbox per art,5
v80K17J61DO1m6820AgA,shelby_poole@correo.com,v80K17J61DO1m6820AgA.png,The cute bird,0
YkBG6P70gpwIs7ZW474O,alan_samuel@correo.com,YkBG6P70gpwIs7ZW474O.png,The willing action,0
fP22386UrebIXRpUDJui,carina_richardson@correo.com,fP22386UrebIXRpUDJui.png,frequently unit,2
O4YOG53OxxFR8JtG0Xyr,johnathan_grant@correo.com,O4YOG53OxxFR8JtG0Xyr.png,beautifully badge regarding ray,0
6x2PYo350Sz71WrhXr77,shelby_poole@correo.com,6x2PYo350Sz71WrhXr77.png,The wonderfully insect,0
lei355j4E76EPeBA7hV0,alan_samuel@correo.com,lei355j4E76EPeBA7hV0.png,The foolish relation,0
KQSFGP6b135GBcQeqD2d,sebastian_clarke@correo.com,KQSFGP6b135GBcQeqD2d.png,somewhat prose,0
Jh824bh5RG5704mnA6w2,johnathan_grant@correo.com,Jh824bh5RG5704mnA6w2.png,The thoroughly teaching,0
zmi72if6cdSdRTp53oEA,owen_uddin@correo.com,zmi72if6cdSdRTp53oEA.png,therefore yoke,3
qb4623xu800c6568726j,johnathan_grant@correo.com,qb4623xu800c6568726j.png,loyally gold past rice,0
uy4Knbe06Cne1225faSA,sebastian_clarke@correo.com,uy4Knbe06Cne1225faSA.png,very wall,0
uQe7BUUzY3gLV0QRDad2,sebastian_clarke@correo.com,uQe7BUUzY3gLV0QRDad2.png,The frequently system,0
SkMEZthRzVA481NH74nG,chester_kirby@correo.com,SkMEZthRzVA481NH74nG.png,similarly suggestion,0
OO06ZW5b1M75FjAF3y42,matthew_alexander@correo.com,OO06ZW5b1M75FjAF3y42.png,sound,0
8S0tS4vGvXVr7vCS21Qk,claire_brown@correo.com,8S0tS4vGvXVr7vCS21Qk.png,quicker shape,0
ot8q1d3FKk0CT2ZRO5QM,chester_kirby@correo.com,ot8q1d3FKk0CT2ZRO5QM.png,curiously ring,0
S8zz6VXk3cqN6XBMYH57,sebastian_clarke@correo.com,S8zz6VXk3cqN6XBMYH57.png,The knowingly board,0
6MSYN05aLdqd6ojZfwz4,claire_brown@correo.com,6MSYN05aLdqd6ojZfwz4.png,The obnoxiously jelly,0
ym2V6uFkeWnN2kQ7nEpc,matthew_alexander@correo.com,ym2V6uFkeWnN2kQ7nEpc.png,farm,0
QUUE5b801TYJY006p0jE,chester_kirby@correo.com,QUUE5b801TYJY006p0jE.png,income,1
Ti2z87k4L7276EUQwNo0,sebastian_clarke@correo.com,Ti2z87k4L7276EUQwNo0.png,value,0
tCh061Uz1t1XLbi8O6iG,claire_brown@correo.com,tCh061Uz1t1XLbi8O6iG.png,stretch,0
7ObkWEO4Z7v0HiPXD7Pr,matthew_alexander@correo.com,7ObkWEO4Z7v0HiPXD7Pr.png,The enormously toe,1
4Brf3ulr57JpAe8s6tMX,claire_brown@correo.com,4Brf3ulr57JpAe8s6tMX.png,The smelly breath,0
Z8fqn22PJ6ss68wMRS7F,matthew_alexander@correo.com,Z8fqn22PJ6ss68wMRS7F.png,joyfully push,7
p8yZ10w0VBC5z5s7TvO0,liam_donovan@correo.com,p8yZ10w0VBC5z5s7TvO0.png,island,8
M7Wrm43iQIko32LP7zRn,cara_webster@correo.com,M7Wrm43iQIko32LP7zRn.png,The uneven bird,0
LWPo1hKTJlETn5hrU53I,carrie_bell@correo.com,LWPo1hKTJlETn5hrU53I.png,freely snail,6
8YBZ3woFRnm6hQR02I8v,liam_donovan@correo.com,8YBZ3woFRnm6hQR02I8v.png,The eventually coach,0
zyy8u4DzO3wbqfnM8U82,matthew_alexander@correo.com,zyy8u4DzO3wbqfnM8U82.png,The nostalgic ray,0
Y1c23X4zsXr7Sb0UaOCi,carrie_bell@correo.com,Y1c23X4zsXr7Sb0UaOCi.png,The callous humor,0
6jo2t1527F6w0M632rir,liam_donovan@correo.com,6jo2t1527F6w0M632rir.png,warmly example,3
aw8e2n8IYa5ul6zz8C1S,cara_webster@correo.com,aw8e2n8IYa5ul6zz8C1S.png,The precious fuel,0
HvJbSC0SzADvX1h00C4v,carrie_bell@correo.com,HvJbSC0SzADvX1h00C4v.png,valiantly mine,5
gnStHK71kM4VKrghe0fp,cara_webster@correo.com,gnStHK71kM4VKrghe0fp.png,committee,0
1Ec042wd8a67M32swo3c,chadwick_leigh@correo.com,1Ec042wd8a67M32swo3c.png,The dusty porter,2
YHvGH133o2Nd64XpEzaq,liam_donovan@correo.com,YHvGH133o2Nd64XpEzaq.png,song,10
6Gz5l3Cym2kKwnZtMa1J,carrie_bell@correo.com,6Gz5l3Cym2kKwnZtMa1J.png,hall,0
X4i8n8xXD5xt26J0ASr0,cara_webster@correo.com,X4i8n8xXD5xt26J0ASr0.png,The overconfident cemetery,0
7kJQr52T1f1BhBG6B2rr,chadwick_leigh@correo.com,7kJQr52T1f1BhBG6B2rr.png,The flimsy ear,5
t7x4Y2hdhl3Qh253NgXb,liam_donovan@correo.com,t7x4Y2hdhl3Qh253NgXb.png,The devotedly horse,9
581GZAm32f8pJ883DM1t,chadwick_leigh@correo.com,581GZAm32f8pJ883DM1t.png,The hurt shirt,9
b2Y5OG645iUz5IFJ244S,judith_lucas@correo.com,b2Y5OG645iUz5IFJ244S.png,tensely number,1
1gFf35ztfkdkT4ISaS04,cara_webster@correo.com,1gFf35ztfkdkT4ISaS04.png,shock,0
U8gyBdVJaH12a5SDSi8d,michael_mason@correo.com,U8gyBdVJaH12a5SDSi8d.png,The wide match,0
63T2QdZtdFoK51k5imnJ,judith_lucas@correo.com,63T2QdZtdFoK51k5imnJ.png,growth,1
OysaG4XUohis8iUus87k,judith_lucas@correo.com,OysaG4XUohis8iUus87k.png,brightly industry,5
e6e1QjGz8425hyiMs0J3,alison_bailey@correo.com,e6e1QjGz8425hyiMs0J3.png,The more collar,0
KX4jP65Vd8x3j1euo6M5,carmella_wilde@correo.com,KX4jP65Vd8x3j1euo6M5.png,especially smoke,1
18UJ7rj6r3i2ZPK33epm,francesca_vangness@correo.com,18UJ7rj6r3i2ZPK33epm.png,act,0
406FOA8c8Kikk4WS61x0,carmella_wilde@correo.com,406FOA8c8Kikk4WS61x0.png,The damp adjustment,1
BBtVq1DONk00i8Dk75mt,judith_lucas@correo.com,BBtVq1DONk00i8Dk75mt.png,The aloof cable,8
Q4u0BT8V1ehfy3F8SoSd,alison_bailey@correo.com,Q4u0BT8V1ehfy3F8SoSd.png,kindheartedly division,0
sxEqU5wwfu3AFeDaZ46y,francesca_vangness@correo.com,sxEqU5wwfu3AFeDaZ46y.png,lovingly school,9
7Y6n33ed121JWkf48y6b,francesca_vangness@correo.com,7Y6n33ed121JWkf48y6b.png,zestfully recess,2
342AXQIezma6cmSXkSjJ,carmella_lunt@correo.com,342AXQIezma6cmSXkSjJ.png,voluntarily plough,0
b5m1fN3XUJkU4K34Bu0j,alison_bailey@correo.com,b5m1fN3XUJkU4K34Bu0j.png,boastfully price,0
DiEO4F5rW06163vIgIq6,judith_lucas@correo.com,DiEO4F5rW06163vIgIq6.png,heavily word,0
2UCdE72jr2XmfCO6n0cz,francesca_vangness@correo.com,2UCdE72jr2XmfCO6n0cz.png,pigs,6
6ULEyW1YTX0JjJ0eTAe0,daria_uddin@correo.com,6ULEyW1YTX0JjJ0eTAe0.png,The else quicksand,3
WzZuj1j4gzHl1B201E5b,mona_garner@correo.com,WzZuj1j4gzHl1B201E5b.png,The joyous kitty,0
1JE7ZnW36Xe1EGKa503O,mason_thornton@correo.com,1JE7ZnW36Xe1EGKa503O.png,match,0
63sdV2t1jnqXv466sAXT,mona_garner@correo.com,63sdV2t1jnqXv466sAXT.png,receipt,0
W1H47W5x2akJ7DI66j3s,daria_uddin@correo.com,W1H47W5x2akJ7DI66j3s.png,The dispensable angle,0
K05mn1jI4QyZ6m0yygMe,mason_thornton@correo.com,K05mn1jI4QyZ6m0yygMe.png,slip,8
Z0nmp3RkR24f18VAUDAq,tony_mcgee@correo.com,Z0nmp3RkR24f18VAUDAq.png,robin,9
UGqY8cP60066rLrqe05T,daria_uddin@correo.com,UGqY8cP60066rLrqe05T.png,thoughtfully wave within waves,9
ph1P6m644OSrzYoa76zA,mona_garner@correo.com,ph1P6m644OSrzYoa76zA.png,woefully reward,0
QfEDhu6TN5F6x8xgz788,daria_uddin@correo.com,QfEDhu6TN5F6x8xgz788.png,The crossly representative,4
qUcZR3vB4pefov75qkox,claire_mann@correo.com,qUcZR3vB4pefov75qkox.png,The invincible top,0
MH6nbU66PWA703nZtxM3,noah_atkinson@correo.com,MH6nbU66PWA703nZtxM3.png,work,0
818Sx55jUc1PwtKFJ03N,mona_garner@correo.com,818Sx55jUc1PwtKFJ03N.png,The ashamed holiday,0
qolAHAipi4wHpYSk851C,claire_mann@correo.com,qolAHAipi4wHpYSk851C.png,thankfully house,0
bjZmx8Qsw2jeLsu45H1W,daria_uddin@correo.com,bjZmx8Qsw2jeLsu45H1W.png,The handsomely minister,2
x5RSDm3X7HBjPayF55K5,noah_atkinson@correo.com,x5RSDm3X7HBjPayF55K5.png,hammer,0
faRX51B354l48LzqDZC4,enoch_barclay@correo.com,faRX51B354l48LzqDZC4.png,The almost bikes,7
PU0B5vy6n82dHWtY6JZB,hank_ventura@correo.com,PU0B5vy6n82dHWtY6JZB.png,The wholly cherry,378
Nhz8mo1wC2PmnznI3u08,enoch_barclay@correo.com,Nhz8mo1wC2PmnznI3u08.png,yearly eggs,0
6cQe621DjI7yI31prUAU,adeline_devonport@correo.com,6cQe621DjI7yI31prUAU.png,simply lettuce,6
jukuxpAVD7Hw57qV7h14,hank_ventura@correo.com,jukuxpAVD7Hw57qV7h14.png,The volatile bee,0
8GRHO705tw1LJ552Ha2I,hank_ventura@correo.com,8GRHO705tw1LJ552Ha2I.png,end,10
5Ad8vAOl2V8mOGCMZe67,adeline_devonport@correo.com,5Ad8vAOl2V8mOGCMZe67.png,smell,7
xQ0LSk2i3H3K526AOqvQ,enoch_barclay@correo.com,xQ0LSk2i3H3K526AOqvQ.png,belief,0
d11pVy315I3eyI01gRdy,greta_walton@correo.com,d11pVy315I3eyI01gRdy.png,frogs,8
2UErK638BJ6J5WAYtO45,hank_ventura@correo.com,2UErK638BJ6J5WAYtO45.png,nerve,0
CH7OeUzm4ATWooQnOMUq,adeline_devonport@correo.com,CH7OeUzm4ATWooQnOMUq.png,clearly song,3
31j8T8nPI8eqICA0d24r,greta_walton@correo.com,31j8T8nPI8eqICA0d24r.png,defiantly stamp,5
U426B1D5Arr8q87o07s8,hank_ventura@correo.com,U426B1D5Arr8q87o07s8.png,sometimes measure,2
03hPI0v4R70NcSEQi0x5,boris_morrow@correo.com,03hPI0v4R70NcSEQi0x5.png,The quizzically collar,0
V7k6n7OLHznM5PJ4A42K,adeline_devonport@correo.com,V7k6n7OLHznM5PJ4A42K.png,The inquisitive kettle,5
EWJ1G6CyxS1HiksYk3Y2,greta_walton@correo.com,EWJ1G6CyxS1HiksYk3Y2.png,The acidic tank,1
032B7nf8n0dCj514aeTr,adeline_devonport@correo.com,032B7nf8n0dCj514aeTr.png,eagerly grandmother,0
x48ouJSNCK38lLJ1K0GP,marie_tutton@correo.com,x48ouJSNCK38lLJ1K0GP.png,The rampant mice,0
nee02qAy5Pe41Dc5m375,greta_walton@correo.com,nee02qAy5Pe41Dc5m375.png,cars,0
Vf5Jnzo28k17hv55RXR6,marie_tutton@correo.com,Vf5Jnzo28k17hv55RXR6.png,separately fork,0
nbyF2J0zxl40220WS505,benny_turner@correo.com,nbyF2J0zxl40220WS505.png,The changeable loaf,5
wZ1yoncNlzGr6sK86DZK,marie_tutton@correo.com,wZ1yoncNlzGr6sK86DZK.png,limply driving,0
M3W46f5F43UNAvv258eC,greta_walton@correo.com,M3W46f5F43UNAvv258eC.png,The bravely woman,0
42l773iKS8t82rI1pX5m,makenzie_dallas@correo.com,42l773iKS8t82rI1pX5m.png,The possessive screw,0
tG6Bg0AyuK13EGFveF7N,benny_turner@correo.com,tG6Bg0AyuK13EGFveF7N.png,The lean soup,0
8cxNEiNtM0gr45rZh4ez,john_kelly@correo.com,8cxNEiNtM0gr45rZh4ez.png,advertisement,0
1KniWPEbIDTJBQ55febG,jenna_nicolas@correo.com,1KniWPEbIDTJBQ55febG.png,The rarely boundary,0
d8cmWW8rF8gBtXqNa3VX,benny_turner@correo.com,d8cmWW8rF8gBtXqNa3VX.png,deceivingly selection,0
xYS5J50uxZp6ySQA1qgj,jack_khan@correo.com,xYS5J50uxZp6ySQA1qgj.png,balance,3
mRSZ6v42kOl3x8aVw3eQ,benny_turner@correo.com,mRSZ6v42kOl3x8aVw3eQ.png,The defeated push,0
xy4XjE037A6yV8l0zr3u,john_kelly@correo.com,xy4XjE037A6yV8l0zr3u.png,fall,0
Sy57LmKpK5F3H2IR560X,benny_turner@correo.com,Sy57LmKpK5F3H2IR560X.png,yard,0
yvaBYkAe13bQ3gOSYWVV,jenna_nicolas@correo.com,yvaBYkAe13bQ3gOSYWVV.png,finally ear,0
I276hiIXA1W3d3MGkVv1,david_vaughn@correo.com,I276hiIXA1W3d3MGkVv1.png,kissingly shelf,0
4CJ623hVxX5w2NqBm5W3,john_kelly@correo.com,4CJ623hVxX5w2NqBm5W3.png,The quickest dust,0
P0Kg5e6oP0Y38bJD7AtP,john_kelly@correo.com,P0Kg5e6oP0Y38bJD7AtP.png,The overt snow,0
S2j6485ZRq8ZbYq61K7M,daria_tait@correo.com,S2j6485ZRq8ZbYq61K7M.png,possibly insect,4
8EtZ37tFa23658tr5wf3,david_vaughn@correo.com,8EtZ37tFa23658tr5wf3.png,jelly,0
SQ72Qek7ukc0Ck0Z312G,anthony_larkin@correo.com,SQ72Qek7ukc0Ck0Z312G.png,The spooky loaf,0
76cLllcaWvw4lIbL40Ru,anthony_larkin@correo.com,76cLllcaWvw4lIbL40Ru.png,The ferociously army,0
EzKvD82e24ij5Z25J2mI,david_vaughn@correo.com,EzKvD82e24ij5Z25J2mI.png,The dimly library,0
tBNm1bqp434f25S5uhCa,liam_franks@correo.com,tBNm1bqp434f25S5uhCa.png,kindly interest within aftermath,0
0Bd0QU5Zi57N203sxoRa,bryce_parker@correo.com,0Bd0QU5Zi57N203sxoRa.png,The roughly oatmeal,0
16G78y0u1O0j3gMNW47p,bryce_parker@correo.com,16G78y0u1O0j3gMNW47p.png,quicker plane,4
tq1SEOVFr0l2wnybY3H4,anthony_larkin@correo.com,tq1SEOVFr0l2wnybY3H4.png,The dreary word,0
045Kpg4l1AW7AXqSOqc7,david_robe@correo.com,045Kpg4l1AW7AXqSOqc7.png,The certainly magic,9
su3T1u703g87oTobC8GK,anthony_larkin@correo.com,su3T1u703g87oTobC8GK.png,brass,0
y82S6ONHo11c3pl3658E,david_robe@correo.com,y82S6ONHo11c3pl3658E.png,The light brick,0
Cl6CFp5jsKcHm7Tq4hT0,zara_blackwall@correo.com,Cl6CFp5jsKcHm7Tq4hT0.png,sink,8
UEZV4BbCME85s2dBcmv1,jacob_abbot@correo.com,UEZV4BbCME85s2dBcmv1.png,show,0
yH2BJgmCI8qE4RywjpE5,david_robe@correo.com,yH2BJgmCI8qE4RywjpE5.png,The painful collar,0
47QHM1MmT7qUI33dzY2L,zara_blackwall@correo.com,47QHM1MmT7qUI33dzY2L.png,railway,4
YD2livq7p15ojN6dVYAy,rick_thompson@correo.com,YD2livq7p15ojN6dVYAy.png,The amused grandmother,0
4fwa7gss02GIT5Tyz8LL,david_robe@correo.com,4fwa7gss02GIT5Tyz8LL.png,The ordinary hair,8
c8Hp2QiNvda00UUMY71N,rick_thompson@correo.com,c8Hp2QiNvda00UUMY71N.png,fiercely bat beside hands,0
fDX2I3qjfVq66iUpA0Kb,abdul_white@correo.com,fDX2I3qjfVq66iUpA0Kb.png,The purple basketball,0
NvQ577F4xu40f3b06H2D,russel_lewin@correo.com,NvQ577F4xu40f3b06H2D.png,The moaning orange,2
qLYShW6vufsG36AVg6C6,isla_patel@correo.com,qLYShW6vufsG36AVg6C6.png,toy,10
L73FL24p626610n4KCBq,rick_thompson@correo.com,L73FL24p626610n4KCBq.png,properly purpose,0
ADbSamUK5HtrOMf00ETh,isla_patel@correo.com,ADbSamUK5HtrOMf00ETh.png,trousers,0
RV7aj47DOQw62c1OOgkd,russel_lewin@correo.com,RV7aj47DOQw62c1OOgkd.png,The mysteriously base,9
W2sgwXDheInOhNnJgUPS,isla_patel@correo.com,W2sgwXDheInOhNnJgUPS.png,partially class,10
sl681gt6oB203S2Cn7AW,russel_lewin@correo.com,sl681gt6oB203S2Cn7AW.png,blood,0
8bsutd464Gh1adx5dj73,eileen_bennett@correo.com,8bsutd464Gh1adx5dj73.png,The curvy legs,0
F4U81M87S0kbgmtjS2FD,cadence_morris@correo.com,F4U81M87S0kbgmtjS2FD.png,twice line,0
hCJfO6daw66oO1vh0NM6,isla_patel@correo.com,hCJfO6daw66oO1vh0NM6.png,crazily silver,0
kDt76ER4v6YepOXSDzS8,cadence_morris@correo.com,kDt76ER4v6YepOXSDzS8.png,yesterday brother,0
ZT1U8MpF6zdogYVKQt1V,eileen_bennett@correo.com,ZT1U8MpF6zdogYVKQt1V.png,loaf,3
qAT8whm45aYyo28k1i1W,harriet_ward@correo.com,qAT8whm45aYyo28k1i1W.png,mice,0
Qem2pubWCJ28w8P1tu27,cadence_morris@correo.com,Qem2pubWCJ28w8P1tu27.png,house,0
Ia5gPpF257hFotMAR5t1,clint_evans@correo.com,Ia5gPpF257hFotMAR5t1.png,frenetically songs via existence,0
4dy4M478rUgadEd3F5cs,harriet_ward@correo.com,4dy4M478rUgadEd3F5cs.png,mostly flock,0
06H3Zv27zlbsShLdK18E,eileen_bennett@correo.com,06H3Zv27zlbsShLdK18E.png,absentmindedly books,0
GNY1KI4yGt1F11m4ELVz,cadence_morris@correo.com,GNY1KI4yGt1F11m4ELVz.png,The abnormally voyage,0
f4xvyaKeoT25QcsB0V8A,clint_evans@correo.com,f4xvyaKeoT25QcsB0V8A.png,arch,0
3Aj581I60v6WK06jQz7Q,harriet_ward@correo.com,3Aj581I60v6WK06jQz7Q.png,naturally dogs,0
1Ebp4X7a722577070XNr,cadence_morris@correo.com,1Ebp4X7a722577070XNr.png,The dutifully kick,0
8ZjN6Q3Uf286320LBt4a,eileen_bennett@correo.com,8ZjN6Q3Uf286320LBt4a.png,The lying bubble,4
50S21kO4HRjoIT1VSN77,clint_evans@correo.com,50S21kO4HRjoIT1VSN77.png,loftily representative,0
q12KO7I8Vg15wz3Ot1u2,eileen_bennett@correo.com,q12KO7I8Vg15wz3Ot1u2.png,The nervous clover,6
k1nAkpjCIG14OXr0QdfV,erick_dyson@correo.com,k1nAkpjCIG14OXr0QdfV.png,not curve under jump,0
o3F5057v7nC4YhMRpeAN,clarissa_griffiths@correo.com,o3F5057v7nC4YhMRpeAN.png,The dusty decision,7
22u6O40kW1otR1aqjQ4e,clint_evans@correo.com,22u6O40kW1otR1aqjQ4e.png,teaching,0
c5zQae4fH2A1uC7j7Y2q,erick_dyson@correo.com,c5zQae4fH2A1uC7j7Y2q.png,The coherent boundary,0
1xI88IA7y0BmBzeydLCn,ivy_brown@correo.com,1xI88IA7y0BmBzeydLCn.png,previously trucks,0
187X7Q7hKDEt0tQ8qE10,clint_evans@correo.com,187X7Q7hKDEt0tQ8qE10.png,The anyway locket,0
HirzLK74naA6zSf7Cm22,clarissa_griffiths@correo.com,HirzLK74naA6zSf7Cm22.png,The necessary trees,3
lCePPx2tluZl42lE4HbX,erick_dyson@correo.com,lCePPx2tluZl42lE4HbX.png,readily icicle,7
6mk10f05ea76omt43BYy,ivy_brown@correo.com,6mk10f05ea76omt43BYy.png,The mechanically songs,0
8z673OYW1NAzlR233Iud,clarissa_griffiths@correo.com,8z673OYW1NAzlR233Iud.png,frog,0
K3fFrfZ7Ql64asRCMo15,leslie_drummond@correo.com,K3fFrfZ7Ql64asRCMo15.png,The innate amusement,7
rnoytsQZchHMTj5X681y,harriet_ranks@correo.com,rnoytsQZchHMTj5X681y.png,painfully join,0
1Pzl1T8HxgmPfoCpaedp,leslie_drummond@correo.com,1Pzl1T8HxgmPfoCpaedp.png,also tomatoes minus writing,0
uP6k17E7Sos5A1RN5n7X,clarissa_griffiths@correo.com,uP6k17E7Sos5A1RN5n7X.png,The briefly farm,1
cf6DJBM7nlcA4p3lL7yv,martin_powell@correo.com,cf6DJBM7nlcA4p3lL7yv.png,cemetery,0
n71fx6Q635et702fakF3,harriet_ranks@correo.com,n71fx6Q635et702fakF3.png,fish,6
VY6wLiJ7FkW054Ge8DvO,clarissa_griffiths@correo.com,VY6wLiJ7FkW054Ge8DvO.png,stranger,3
006w73rr71Gk2pKH7U48,ramon_ward@correo.com,006w73rr71Gk2pKH7U48.png,The substantial baseball,0
cNbPANT6E3N7t2BPi3K0,bryce_long@correo.com,cNbPANT6E3N7t2BPi3K0.png,silver,0
1cVK252D0EqkIR3B2Z4X,barry_walsh@correo.com,1cVK252D0EqkIR3B2Z4X.png,actually milk,9
o3jRa2C5QV178J24j03G,bryce_long@correo.com,o3jRa2C5QV178J24j03G.png,The adventurously care,8
cYCrT5CcJ5L43sk8yjfU,ramon_ward@correo.com,cYCrT5CcJ5L43sk8yjfU.png,The enthusiastic quarter,0
NMXau3eUW7oJ2Yz0n6MG,hayden_hobson@correo.com,NMXau3eUW7oJ2Yz0n6MG.png,The correctly swing,0
te8kezxdn1B2jif42yS4,barry_walsh@correo.com,te8kezxdn1B2jif42yS4.png,silk,0
4DG7M1fI842al0DR1Ld3,hayden_hobson@correo.com,4DG7M1fI842al0DR1Ld3.png,friction,0
M1FwF30Df8yIg7g1CTHH,bryce_long@correo.com,M1FwF30Df8yIg7g1CTHH.png,The overt page,8
sG04IbY8xrMPWl54O33U,summer_saunders@correo.com,sG04IbY8xrMPWl54O33U.png,laugh,0
X7Qn7nE0ING0e58W68Cn,barry_walsh@correo.com,X7Qn7nE0ING0e58W68Cn.png,The instantly profit,9
Tpx12GfPq6B1iSrT10t4,barry_walsh@correo.com,Tpx12GfPq6B1iSrT10t4.png,income,1
s27kL405ONTr340CwL0K,gabriel_collins@correo.com,s27kL405ONTr340CwL0K.png,butter,0
l6Jj4s0m8hEAF04h0i46,hayden_hobson@correo.com,l6Jj4s0m8hEAF04h0i46.png,thrill,6
I8JAE3C38Z82B5PvrLNU,charlotte_page @correo.com,I8JAE3C38Z82B5PvrLNU.png,exactly dust,0
8PJ1h6cVrVCF8Y4mJTF8,hayden_hobson@correo.com,8PJ1h6cVrVCF8Y4mJTF8.png,The victorious move,9
P8l0Ke1wrN8olLAb7kxj,gabriel_collins@correo.com,P8l0Ke1wrN8olLAb7kxj.png,smoothly station,0
1vFZf1c8j2cofs04k2J1,charlotte_page @correo.com,1vFZf1c8j2cofs04k2J1.png,decision,0
RvACd08JKcOd3Qf5k5LR,jacob_grady@correo.com,RvACd08JKcOd3Qf5k5LR.png,servant,0
mcaFEmzB13f34re2mhRG,gabriel_collins@correo.com,mcaFEmzB13f34re2mhRG.png,deftly pigs,0
E15B2Jt7p21mjXUT2R5o,hayden_hobson@correo.com,E15B2Jt7p21mjXUT2R5o.png,The punctually start,0
LW1MGhBgrzRw328U71j8,charlotte_page @correo.com,LW1MGhBgrzRw328U71j8.png,seldom eggs onto selection,0
7I3F073w7rbynyaHDbhw,jacob_grady@correo.com,7I3F073w7rbynyaHDbhw.png,excitedly horse,0
ceF8K30B2aln2WtrYW61,jules_higgs@correo.com,ceF8K30B2aln2WtrYW61.png,The half scarf,0
EHr7xUWuw8X55b6PnfKa,charlotte_page @correo.com,EHr7xUWuw8X55b6PnfKa.png,The trite slope,0
r0jh60b30IZc07Bc2Fcf,jack_moore@correo.com,r0jh60b30IZc07Bc2Fcf.png,alarm,0
URx42o4Fxumsb8gjlg3D,jack_moore@correo.com,URx42o4Fxumsb8gjlg3D.png,fire,0
14j0I6old2kQdJck266E,jack_moore@correo.com,14j0I6old2kQdJck266E.png,The foolishly smile,0
G2m8D3n3E2LT7njaSsAD,gloria_janes@correo.com,G2m8D3n3E2LT7njaSsAD.png,generously school during nerve,0
NORysVTfZkvYSrxPSp4s,jules_higgs@correo.com,NORysVTfZkvYSrxPSp4s.png,excitedly servant beneath plough,0
b0dtj5UUsg60K4Bv5FqS,charlotte_page @correo.com,b0dtj5UUsg60K4Bv5FqS.png,anxiously tax,0
CeXA75pjh4Xwgs00fm58,jack_moore@correo.com,CeXA75pjh4Xwgs00fm58.png,fiercely plane among cattle,0
2IlNv6WB28xSSszXy8Zr,gloria_janes@correo.com,2IlNv6WB28xSSszXy8Zr.png,representative,0
5LJodxsSA16Fp18eQGc2,jack_moore@correo.com,5LJodxsSA16Fp18eQGc2.png,The faded support,0
1y6riiPo0cAHNWfy1So0,josh_williams@correo.com,1y6riiPo0cAHNWfy1So0.png,The lovely balance,0
6ujp02n7H1v3O7247l04,remy_adler@correo.com,6ujp02n7H1v3O7247l04.png,daily competition,0
t3XtkPkt3VoS5VbJ8PQb,josh_williams@correo.com,t3XtkPkt3VoS5VbJ8PQb.png,plastic,0
3F6dgUIIQ0TNv016j8G8,remy_adler@correo.com,3F6dgUIIQ0TNv016j8G8.png,The furiously part,0
N35gt5r8FTMrgZ3SAIPc,angelina_ainsworth@correo.com,N35gt5r8FTMrgZ3SAIPc.png,shrilly pump,3
MIVGv3xmfEIYEBSa0KHK,ivette_lucas@correo.com,MIVGv3xmfEIYEBSa0KHK.png,waves,0
jV12Afd0268B2ea1jxPJ,remy_adler@correo.com,jV12Afd0268B2ea1jxPJ.png,The freely comparison,0
3bLD7paWkO71175Qpd7y,angelina_ainsworth@correo.com,3bLD7paWkO71175Qpd7y.png,mockingly view,3
z4q8duaS13zXDXAtWS36,alexia_walter@correo.com,z4q8duaS13zXDXAtWS36.png,The courageously flowers,0
53JDJteB4314TtZBhaiJ,ivette_lucas@correo.com,53JDJteB4314TtZBhaiJ.png,joshingly quartz,0
X2f55Qk5tUZgSW8IZx8a,remy_adler@correo.com,X2f55Qk5tUZgSW8IZx8a.png,thought,0
8XTOj1UYCL2T3v42K201,alexia_walter@correo.com,8XTOj1UYCL2T3v42K201.png,water,0
78OT2P55lG078tQNlKP7,ivette_lucas@correo.com,78OT2P55lG078tQNlKP7.png,The majestically branch,1
JXpY37pfr8R321XI16yV,remy_adler@correo.com,JXpY37pfr8R321XI16yV.png,The limply arch,0
M86PApKj3w411maexReS,angelina_ainsworth@correo.com,M86PApKj3w411maexReS.png,The occasionally wave,0
61H0u410n0WY52Mjfnf7,ivette_lucas@correo.com,61H0u410n0WY52Mjfnf7.png,The wealthy duck,0
KPqhK54PV65582UR2Ed7,angelina_ainsworth@correo.com,KPqhK54PV65582UR2Ed7.png,The painfully hobbies,4
OW167Smu3Kgs8eW3AP6Z,kate_squire@correo.com,OW167Smu3Kgs8eW3AP6Z.png,regularly shape,10
sL5ZAe7M034mlUqVePys,hayden_morris@correo.com,sL5ZAe7M034mlUqVePys.png,The strictly scent,0
56O431OAuD67Y1133gRo,harry_woods@correo.com,56O431OAuD67Y1133gRo.png,The quixotic dad,0
D67Y1133gRol0OGR27X7,kate_squire@correo.com,D67Y1133gRol0OGR27X7.png,The gentle stove,0
J8FrbtU4FZ6qXUlJ06S0,harry_woods@correo.com,J8FrbtU4FZ6qXUlJ06S0.png,books,0
5u3q33ytHdn0P6eEGysk,luna_moran@correo.com,5u3q33ytHdn0P6eEGysk.png,The somewhat achiever,0
MAWe08PE7Z0KUkzax56r,hayden_morris@correo.com,MAWe08PE7Z0KUkzax56r.png,The previous exchange,0
4Z4mVV3IHDbuV65Z754O,kate_squire@correo.com,4Z4mVV3IHDbuV65Z754O.png,The tasteful carriage,0
XGq3p0Kkri5G0lpgUNB8,luna_moran@correo.com,XGq3p0Kkri5G0lpgUNB8.png,argument,0
0V2DyJjA22p0d2iauZV5,kate_squire@correo.com,0V2DyJjA22p0d2iauZV5.png,often mailbox,0
4z84ma7BHv80JSKiwvz6,camden_vollans@correo.com,4z84ma7BHv80JSKiwvz6.png,fortunately bomb,0
DYpqLb68M10WS0m4d5d8,ilona_harris@correo.com,DYpqLb68M10WS0m4d5d8.png,tooth,0
2a2YznguGLQ2oWiHl3ec,kate_squire@correo.com,2a2YznguGLQ2oWiHl3ec.png,The shyly string,0
Gx72c1d3m56wUIl65151,maxwell_stewart@correo.com,Gx72c1d3m56wUIl65151.png,annually sock,0
Ez7yG5p44Q2t3jo0f02u,camden_vollans@correo.com,Ez7yG5p44Q2t3jo0f02u.png,table,6
ZdzqmEjJ3MWrBHy24PXM,harry_scott@correo.com,ZdzqmEjJ3MWrBHy24PXM.png,crazily belief,1
kqlY7WKqCYrfC7N2uTuW,camden_vollans@correo.com,kqlY7WKqCYrfC7N2uTuW.png,The numerous donkey,6
VG1v5PyfFE6MltflqXxB,maxwell_stewart@correo.com,VG1v5PyfFE6MltflqXxB.png,frequently kettle,0
m1CS6ut0FdkdO4bBOrW7,harry_scott@correo.com,m1CS6ut0FdkdO4bBOrW7.png,swiftly push,3
V1CZWRknv41GtQCnT1EP,camden_vollans@correo.com,V1CZWRknv41GtQCnT1EP.png,vainly stitch,4
mQbGgR4yWIH4eHbKxt4A,clint_turner@correo.com,mQbGgR4yWIH4eHbKxt4A.png,The faded bone,0
x1dE4q1tOkT2Q2z2mT1z,maxwell_stewart@correo.com,x1dE4q1tOkT2Q2z2mT1z.png,The rampant kettle,0
d7SY3azzb4uHSRx31AJ2,camden_vollans@correo.com,d7SY3azzb4uHSRx31AJ2.png,seed,0
4G8ZC73m1V3z4blXK0c5,clint_turner@correo.com,4G8ZC73m1V3z4blXK0c5.png,The neatly shirt,0
UraeH60CKguQvLg5Z6EZ,madison_hammond@correo.com,UraeH60CKguQvLg5Z6EZ.png,ball,0
urteVo2J20zDJ0po0O1c,maxwell_stewart@correo.com,urteVo2J20zDJ0po0O1c.png,strictly weight,0
Tm43t1ofeT12FvMM6iqV,caitlyn_ogilvy@correo.com,Tm43t1ofeT12FvMM6iqV.png,freely cannon,10
VU4bi2tz701XWcv5202A,madison_hammond@correo.com,VU4bi2tz701XWcv5202A.png,The easily table,0
CRykZcJ5243Fz3r72S8Z,madison_hammond@correo.com,CRykZcJ5243Fz3r72S8Z.png,The lean screw,0
v4U2RXoH7ilT53DjSG6M,victoria_partridge@correo.com,v4U2RXoH7ilT53DjSG6M.png,table,0
jOFrw3lwPn2tQ6WC0F6m,eduardo_farrell@correo.com,jOFrw3lwPn2tQ6WC0F6m.png,neatly roll,0
eP8n7olnJx7iqhAaL65v,barry_newton@correo.com,eP8n7olnJx7iqhAaL65v.png,milk,0
1NML7BFH8W384c41MuZ6,madison_hammond@correo.com,1NML7BFH8W384c41MuZ6.png,willfully passenger,0
svB61xL367p5ffk621hF,victoria_partridge@correo.com,svB61xL367p5ffk621hF.png,arithmetic,0
5D68Z3Mqe5EBnCC163AK,iris_fulton@correo.com,5D68Z3Mqe5EBnCC163AK.png,interest,0
AW6yL2RGOmNQ4pjG886o,barry_newton@correo.com,AW6yL2RGOmNQ4pjG886o.png,bottle,0
UliUVWt136Ol0PGyHII6,victoria_partridge@correo.com,UliUVWt136Ol0PGyHII6.png,arrogantly turkey,0
1M4Qw582HG48E8BO17N0,madison_hammond@correo.com,1M4Qw582HG48E8BO17N0.png,river,0
Zd74uiUdQ0We5ZVVzYmk,roger_darcy@correo.com,Zd74uiUdQ0We5ZVVzYmk.png,daily property,0
4d4635ll05lpPA47HN8K,roger_darcy@correo.com,4d4635ll05lpPA47HN8K.png,flower,1
dRjvgi2jGVHA8Ccm0GqQ,victoria_partridge@correo.com,dRjvgi2jGVHA8Ccm0GqQ.png,adventurously addition,0
YPDF0p4xZ3h0FdRjvgi2,barry_newton@correo.com,YPDF0p4xZ3h0FdRjvgi2.png,The illustrious butter,0
G0bP203w5Xj2rLApeWiD,carter_brown@correo.com,G0bP203w5Xj2rLApeWiD.png,The imminent sea,7
yu11OZkcK13cuV7a2C1a,victoria_partridge@correo.com,yu11OZkcK13cuV7a2C1a.png,regret,0
kE134sO6zTs1tr20gUxO,roger_darcy@correo.com,kE134sO6zTs1tr20gUxO.png,fall,0
yYQwwVeL7SGjq5MVn5j6,carter_brown@correo.com,yYQwwVeL7SGjq5MVn5j6.png,The seldom hole,0
moLlGgXa83fxzXqd0EJC,carter_brown@correo.com,moLlGgXa83fxzXqd0EJC.png,sack,0
K6aUXc024mU3W5Wd40IP,ruth_gilmour@correo.com,K6aUXc024mU3W5Wd40IP.png,legs,0
7N080za3c5JWDuU6O2s7,roger_darcy@correo.com,7N080za3c5JWDuU6O2s7.png,The wretched scissors,0
21awTuuOlCQkEq4zIQLK,raquel_jackson@correo.com,21awTuuOlCQkEq4zIQLK.png,thoroughly caption after note,0
4412f4g8h8sm11B31S2F,roger_darcy@correo.com,4412f4g8h8sm11B31S2F.png,reproachfully playground toward scent,0
33VHSd7ud2kgbYKpXRhX,joseph_fox@correo.com,33VHSd7ud2kgbYKpXRhX.png,coil,4
8aY3Us77Q8p5Xj0Fx6M2,ruth_gilmour@correo.com,8aY3Us77Q8p5Xj0Fx6M2.png,week,0
AaK68m134HUgnup0g1tn,joseph_fox@correo.com,AaK68m134HUgnup0g1tn.png,hopelessly pot around creator,10
dnNJ3Le7I6b63Q25eJ7m,raquel_jackson@correo.com,dnNJ3Le7I6b63Q25eJ7m.png,The cheerful impulse,0
yDR88QcI6gd8i115182l,joseph_fox@correo.com,yDR88QcI6gd8i115182l.png,The accidentally statement,0
c27t2DjGZwQ1aKl0L8vO,adina_ross@correo.com,c27t2DjGZwQ1aKl0L8vO.png,The weak hair,0
Jg05170w06083bAvC5nS,hank_knight@correo.com,Jg05170w06083bAvC5nS.png,The extra-small advertisement,0
Au7cPuqP677Ob7N0aa8x,roger_james@correo.com,Au7cPuqP677Ob7N0aa8x.png,coyly doll,0
41p423z226TuJ8BMM1VJ,joseph_fox@correo.com,41p423z226TuJ8BMM1VJ.png,istanc,0
yVKi7E00Jx0qEr710Kj8,hank_knight@correo.com,yVKi7E00Jx0qEr710Kj8.png,The full window,0
W80Qq4xVTHF6g0U4C4JI,roger_james@correo.com,W80Qq4xVTHF6g0U4C4JI.png,giants,0
0j6qGQeCgLg1WHTd77eV,hank_knight@correo.com,0j6qGQeCgLg1WHTd77eV.png,truly low,0
86P03rTh2xTVeTMd80ih,roger_james@correo.com,86P03rTh2xTVeTMd80ih.png,The odd dress,0
yTB7Mp70E4f7BQrp0Bkm,britney_heaton@correo.com,yTB7Mp70E4f7BQrp0Bkm.png,prose,0
l2b5y5B1ovf558kpbVi0,matt_saunders@correo.com,l2b5y5B1ovf558kpbVi0.png,tin,5
00kMci2X5EdZ0O5j7n81,hank_knight@correo.com,00kMci2X5EdZ0O5j7n81.png,The optimistically book,0
Wb5JiG6uhFR7k20b6iUP,nathan_malone@correo.com,Wb5JiG6uhFR7k20b6iUP.png,annually interest,2
au7olDYMAgkof0v5gwEs,joseph_campbell@correo.com,au7olDYMAgkof0v5gwEs.png,naturally bulb,0
Pe45J316404Wu84aZb26,britney_heaton@correo.com,Pe45J316404Wu84aZb26.png,industry,0
12ZtC2hlrVqR1DQy4Mm4,nathan_malone@correo.com,12ZtC2hlrVqR1DQy4Mm4.png,The occasionally hill,1
bx5iD0R7lU6wCayzT1E4,caitlyn_powell@correo.com,bx5iD0R7lU6wCayzT1E4.png,baseball,0
yME5Rmp22s3ts80F0A2k,kieth_shea@correo.com,yME5Rmp22s3ts80F0A2k.png,acidly cherries,4
45uQ0cu3FOMh2W2SuzZA,nicholas_stuart@correo.com,45uQ0cu3FOMh2W2SuzZA.png,innocently spoon since car,0
smNDM8Cnhaw0kn55v15q,caitlyn_powell@correo.com,smNDM8Cnhaw0kn55v15q.png,birds,0
ER8V7TVZ0jxH808acAtE,maggie_mooney@correo.com,ER8V7TVZ0jxH808acAtE.png,The minor account,0
Dx4Cdzah1288mlSiEIW0,caitlyn_powell@correo.com,Dx4Cdzah1288mlSiEIW0.png,The wacky curtain,0
T0c0ATf2sdVEhE13eY2f,maggie_mooney@correo.com,T0c0ATf2sdVEhE13eY2f.png,The wanting toy,0
3DOk4i843sqtrK5j3bu4,faith_chapman@correo.com,3DOk4i843sqtrK5j3bu4.png,generously trucks,0
yP6B36aWO3128Jfq1uA7,francesca_briggs@correo.com,yP6B36aWO3128Jfq1uA7.png,The tedious copper,0
QI0rne5E5bC5FAn3pvO6,faith_chapman@correo.com,QI0rne5E5bC5FAn3pvO6.png,too credit,0
h4NgJj3Bo5znl4028WJZ,johnny_parr@correo.com,h4NgJj3Bo5znl4028WJZ.png,cars,0
TjPFf5L78aAnnrYy70ee,francesca_briggs@correo.com,TjPFf5L78aAnnrYy70ee.png,playground,0
vcoe88BQxf6PpJwluS3s,freya_boyle@correo.com,vcoe88BQxf6PpJwluS3s.png,The mysteriously peace,0
A3378AXzhjKIqK600y5m,johnny_parr@correo.com,A3378AXzhjKIqK600y5m.png,The always cable,0
PQeRD45Q8S2gmrsKIFiP,faith_chapman@correo.com,PQeRD45Q8S2gmrsKIFiP.png,poorly coast within ice,0
126dzDCPUFW0JB0K25g3,chad_shelton@correo.com,126dzDCPUFW0JB0K25g3.png,The pointless plane,0
WReJ3TVp3ih6ZR33u47p,faith_chapman@correo.com,WReJ3TVp3ih6ZR33u47p.png,The illegal use,0
Ujf6bqb1KwMnreCp3u8V,johnny_parr@correo.com,Ujf6bqb1KwMnreCp3u8V.png,berry,0
I4Azla4PqI8mu47O4raQ,chad_shelton@correo.com,I4Azla4PqI8mu47O4raQ.png,The splendid loss,0
ClFsyxTsTw0aJu2x0A63,chuck_mooney@correo.com,ClFsyxTsTw0aJu2x0A63.png,The tenderly yoke,0
1Dg537X57L8f0KwI2LZp,jack_mills@correo.com,1Dg537X57L8f0KwI2LZp.png,coolly tongue,5
MHxU1OqYads3838eQ1D1,chad_shelton@correo.com,MHxU1OqYads3838eQ1D1.png,The happily crown,0
wY580E1lOy1I05q14R4S,johnny_parr@correo.com,wY580E1lOy1I05q14R4S.png,weakly minister,0
AV7aL7132zrVnxrxRZ4a,jack_mills@correo.com,AV7aL7132zrVnxrxRZ4a.png,horses,0
nzg1R05YmqSJP5xJ68x4,chad_shelton@correo.com,nzg1R05YmqSJP5xJ68x4.png,The hissing grain,0
8to2Q4LT8oV5LFSw30SJ,johnny_parr@correo.com,8to2Q4LT8oV5LFSw30SJ.png,lake,0
d40B10I4ZhV0r7S2n401,abdul_downing@correo.com,d40B10I4ZhV0r7S2n401.png,always page,0
A8hgI5r0XsaHXZuiJi81,jack_mills@correo.com,A8hgI5r0XsaHXZuiJi81.png,hardly icicle,9
cGPJ62R1DQNwplKMbL8k,aiden_oliver@correo.com,cGPJ62R1DQNwplKMbL8k.png,The kindheartedly hydrant,0
JOJxIahY43uV753wOABt,ron_knight@correo.com,JOJxIahY43uV753wOABt.png,The mechanically geese,0
6nz8G20KmNqwFQ63t8S0,aiden_oliver@correo.com,6nz8G20KmNqwFQ63t8S0.png,The coaxingly home,9
V42d3Y51yHfYTC6AyJq0,hayden_howard@correo.com,V42d3Y51yHfYTC6AyJq0.png,altogether mass unlike trains,9
bs8FC6zGhFQA46aIf11y,ronald_flack@correo.com,bs8FC6zGhFQA46aIf11y.png,boat,0
za4hD2dh6G2X03Pk8XF6,ron_knight@correo.com,za4hD2dh6G2X03Pk8XF6.png,The brightly power,0
7au2N72rNboq2asA65rq,hayden_howard@correo.com,7au2N72rNboq2asA65rq.png,The superb route,2
RI4yt2hH0B4pScTarvG6,hayden_howard@correo.com,RI4yt2hH0B4pScTarvG6.png,primarily watch among purpose,1
0RCEhjO1gZtsXqykE57D,ronald_flack@correo.com,0RCEhjO1gZtsXqykE57D.png,The defiantly army,0
21F5AgbElyQ6yC0iKl0B,grace_flanders@correo.com,21F5AgbElyQ6yC0iKl0B.png,extremely credit,0
2HA1VwGHPm3MIyDX2Kpe,grace_flanders@correo.com,2HA1VwGHPm3MIyDX2Kpe.png,hands,0
xa6o578u6zxp0J7l4qyd,hayden_howard@correo.com,xa6o578u6zxp0J7l4qyd.png,income,9
f2YloC52N883a2j3242i,chad_allcott@correo.com,f2YloC52N883a2j3242i.png,knee,0
zz30e5FEiqn2z0XJRS1P,ronald_flack@correo.com,zz30e5FEiqn2z0XJRS1P.png,The swift hospital,0
x585JAR3fe05MU46gF1X,hayden_howard@correo.com,x585JAR3fe05MU46gF1X.png,guitar,0
ac7t18GPyGF411orlE6n,grace_flanders@correo.com,ac7t18GPyGF411orlE6n.png,boundary,0
1a7506C8G12KfZd12Xw1,chad_allcott@correo.com,1a7506C8G12KfZd12Xw1.png,The slowly stove,0
048ke4L81A6T40oh4u2t,grace_flanders@correo.com,048ke4L81A6T40oh4u2t.png,rigidly pencil,0
rWC4urygd8fIYlqRtMdD,manuel_mason@correo.com,rWC4urygd8fIYlqRtMdD.png,The virtually women,0
7iouqEwlJ0l7BkZ80HsJ,chad_allcott@correo.com,7iouqEwlJ0l7BkZ80HsJ.png,fork,0
Hv3Omt4Ar6gb4L6O3jzK,domenic_beal@correo.com,Hv3Omt4Ar6gb4L6O3jzK.png,walk,0
Fpg8iKH0X4eybA2dw86g,chad_allcott@correo.com,Fpg8iKH0X4eybA2dw86g.png,drawer,0
E6BQ1E7bYk2xU76os2va,manuel_mason@correo.com,E6BQ1E7bYk2xU76os2va.png,The fatally slope,0
G21fUX850J1t414C53i8,domenic_beal@correo.com,G21fUX850J1t414C53i8.png,ball,0
WXE54CO07dkyLcJ1iK7h,marvin_addley@correo.com,WXE54CO07dkyLcJ1iK7h.png,trade,0
Ac46pNt26yJxJCzWz1e3,chad_allcott@correo.com,Ac46pNt26yJxJCzWz1e3.png,The obeisant trade,0
bQr0ZL04E6EN16mF6x06,domenic_beal@correo.com,bQr0ZL04E6EN16mF6x06.png,The sore houses,0
554Io7qG6a0XkkHUC57R,manuel_mason@correo.com,554Io7qG6a0XkkHUC57R.png,The petite temper,0
8X8L6Ehg11q2MdP84fsd,nicholas_quinn@correo.com,8X8L6Ehg11q2MdP84fsd.png,tent,0
o6pqdI46ZpdC4b4G34yP,marvin_addley@correo.com,o6pqdI46ZpdC4b4G34yP.png,collar,3
rOK026se4JL2D15zj12Z,domenic_beal@correo.com,rOK026se4JL2D15zj12Z.png,time,0
0MIII8TftXHib5ZCPjB0,carina_glass@correo.com,0MIII8TftXHib5ZCPjB0.png,crazily scent above week,0
M07IW02xUuZCMUj0ZVZ0,marvin_addley@correo.com,M07IW02xUuZCMUj0ZVZ0.png,The plant bird,0
3qon6g3FDE71sJ6jDuE8,nate_newman@correo.com,3qon6g3FDE71sJ6jDuE8.png,The patiently spoon,0
q41udTXiP13y61225nNQ,josh_rust@correo.com,q41udTXiP13y61225nNQ.png,The warlike plot,0
Q1y60g0f5QmkX4T1w7IO,carina_glass@correo.com,Q1y60g0f5QmkX4T1w7IO.png,reward,0
P4mkc1r3U1cd0g0J351V,marvin_addley@correo.com,P4mkc1r3U1cd0g0J351V.png,The amused pies,2
17jX7Pm84aKE6KT7s81a,nate_newman@correo.com,17jX7Pm84aKE6KT7s81a.png,representative,0
jJh5VhA6JZq0bPFlsD8l,carina_glass@correo.com,jJh5VhA6JZq0bPFlsD8l.png,shop,0
h1n5m1NjFrO5KMKN352L,marvin_addley@correo.com,h1n5m1NjFrO5KMKN352L.png,The soon hot,0
nW8663gGAaNW48O4ka41,josh_rust@correo.com,nW8663gGAaNW48O4ka41.png,oddly egg,0
3tAcIF74LGccT2677b8F,rocco_upton@correo.com,3tAcIF74LGccT2677b8F.png,zestfully dirt,0
gFAe76GON6yS25e7KYXf,matthew_chadwick@correo.com,gFAe76GON6yS25e7KYXf.png,slightly name,0
pGWmktbYS0hKbb4Hb8zL,carla_murray@correo.com,pGWmktbYS0hKbb4Hb8zL.png,The thus trade,0
8l7h5dU618zZNj01k8P6,matthew_chadwick@correo.com,8l7h5dU618zZNj01k8P6.png,enthusiastically wing,0
7GICRn4tpL84XegJfObt,hope_wright@correo.com,7GICRn4tpL84XegJfObt.png,quietly stitch,0
R4t2dH22l642zp2oDtwE,peter_sinclair@correo.com,R4t2dH22l642zp2oDtwE.png,The beneficial value,10
DAZnQAJjln1R7oSksy24,carla_murray@correo.com,DAZnQAJjln1R7oSksy24.png,servant,0
IG2WZMAbsoaMP1bRG6L2,hope_wright@correo.com,IG2WZMAbsoaMP1bRG6L2.png,The special smash,0
bpGqrf43Y24lbc66U3JA,matthew_chadwick@correo.com,bpGqrf43Y24lbc66U3JA.png,jam,0
i81uXvIO0gSFhzR2e624,denis_watson@correo.com,i81uXvIO0gSFhzR2e624.png,dogs,0
u14U6MuHM6nr474767Wf,hope_wright@correo.com,u14U6MuHM6nr474767Wf.png,The nappy thought,0
ER5b6Gw1Rb3Xj4a78mzy,carla_murray@correo.com,ER5b6Gw1Rb3Xj4a78mzy.png,The dry property,0
l38v0C8Hc421d75FUUO0,matthew_chadwick@correo.com,l38v0C8Hc421d75FUUO0.png,terrifically cherries,0
Sdz2Nt15S0Q6NdkSV08A,denis_watson@correo.com,Sdz2Nt15S0Q6NdkSV08A.png,hourly payment,0
t4AbGCiQIVTh0qQH8W06,hope_wright@correo.com,t4AbGCiQIVTh0qQH8W06.png,The imported power,0
huYUgV40ATxngUTzswv3,matthew_chadwick@correo.com,huYUgV40ATxngUTzswv3.png,prose,0
1aj75S3Fq7D2vWY7uyHz,denis_watson@correo.com,1aj75S3Fq7D2vWY7uyHz.png,note,0
k5Y7gOlCR0gIiSYD0J40,natalie_rose@correo.com,k5Y7gOlCR0gIiSYD0J40.png,unnecessarily pest within bag,0
R7P8c57w8nXl6M6EK50G,hope_wright@correo.com,R7P8c57w8nXl6M6EK50G.png,normally cracker,0
3I42ZcRC2NoBzKL6x1Ea,natalie_rose@correo.com,3I42ZcRC2NoBzKL6x1Ea.png,shrilly pest,0
lj0eIG27V4X1vlWh524j,victoria_logan@correo.com,lj0eIG27V4X1vlWh524j.png,toes,0
670Tb0Z82uEO2hn57p0f,natalie_rose@correo.com,670Tb0Z82uEO2hn57p0f.png,loyally worm,0
S35LxNMyYc5iK7y7K11s,ivy_davies@correo.com,S35LxNMyYc5iK7y7K11s.png,The enthusiastically underwear,0
oc7tSlqRU5VhLaQja553,noah_mcneill@correo.com,oc7tSlqRU5VhLaQja553.png,rule,5
6pA74qCpK273Yh41do05,victoria_logan@correo.com,6pA74qCpK273Yh41do05.png,altogether smoke through vessel,0
a7jz5eQ7pm53pvIfj3z6,noah_mcneill@correo.com,a7jz5eQ7pm53pvIfj3z6.png,zestily instrument,0
sp1wCA3gcr6gcAQ0e0gv,natalie_rose@correo.com,sp1wCA3gcr6gcAQ0e0gv.png,The large calendar,0
FIZg0Me55N5bogOAOgB8,angel_goodman@correo.com,FIZg0Me55N5bogOAOgB8.png,exactly calculator,8
lrpX13S434ax41b87Jub,victoria_logan@correo.com,lrpX13S434ax41b87Jub.png,thoughtfully crow,0
PIPa8fT85368iE3UdEH1,natalie_rose@correo.com,PIPa8fT85368iE3UdEH1.png,The carefully baseball,0
1L5s1GWZO2gaE1g04V6c,lexi_norburn@correo.com,1L5s1GWZO2gaE1g04V6c.png,voluntarily bomb,0
1TsjI011vmLWLR73z86r,angel_goodman@correo.com,1TsjI011vmLWLR73z86r.png,devotedly mark,3
7kvNo3Wq13UmEAtRi4ZV,alan_coates@correo.com,7kvNo3Wq13UmEAtRi4ZV.png,crossly size across north,0
SJ6rlDB3oQ0xYPQiToXC,angel_goodman@correo.com,SJ6rlDB3oQ0xYPQiToXC.png,gratefully tendency,0
r3xjd05XNqpvA0x63je6,lexi_norburn@correo.com,r3xjd05XNqpvA0x63je6.png,The possibly clover,2
e6HcB3BJKP12V478o5OY,lexi_norburn@correo.com,e6HcB3BJKP12V478o5OY.png,cow,6
6GRdhsXhA17K5bHlacXz,johnny_wellington@correo.com,6GRdhsXhA17K5bHlacXz.png,The stealthily number,0
7R4FnU85jRHG06163Q34,doug_vernon@correo.com,7R4FnU85jRHG06163Q34.png,The unwritten grass,0
4jd3rQfdZ0tEIF4JR623,mara_fox@correo.com,4jd3rQfdZ0tEIF4JR623.png,The naive mine,0
73LgAL4Nu0x8i310kO7X,lexi_norburn@correo.com,73LgAL4Nu0x8i310kO7X.png,change,0
S8WI38s14ET5EPsx4r66,johnny_wellington@correo.com,S8WI38s14ET5EPsx4r66.png,limply mass,0
JczY33qvm350kdr681d8,mara_fox@correo.com,JczY33qvm350kdr681d8.png,fondly partner into match,4
1GHFCgumKsZOJthAjLD4,lexi_norburn@correo.com,1GHFCgumKsZOJthAjLD4.png,The readily expert,0
P0BE4RKH5svQgItT3Vq3,rosalyn_willson@correo.com,P0BE4RKH5svQgItT3Vq3.png,constantly hose,0
f48x7aZhL0bM6473a724,johnny_wellington@correo.com,f48x7aZhL0bM6473a724.png,The finally grip,0
1h02V7Myuhra8XN3P618,mara_fox@correo.com,1h02V7Myuhra8XN3P618.png,The grouchy grandfather,0
2Tpfowr0rK48a18fiTxj,rosalyn_willson@correo.com,2Tpfowr0rK48a18fiTxj.png,The painfully instrument,0
r1Z15ZCr64w0MpDPm6w5,johnny_wellington@correo.com,r1Z15ZCr64w0MpDPm6w5.png,The moldy prose,0
oyZSuY8iwAdd1jBz0fwS,mara_fox@correo.com,oyZSuY8iwAdd1jBz0fwS.png,altogether spot via door,0
1y8K34v4Z7ETyGMbOIQ8,rosalyn_willson@correo.com,1y8K34v4Z7ETyGMbOIQ8.png,The raspy current,0
D4S8DbcLleQ08h3p0Zdo,skylar_doherty@correo.com,D4S8DbcLleQ08h3p0Zdo.png,education,0
PWkwbz165uBUSR4ThQ7J,johnny_wellington@correo.com,PWkwbz165uBUSR4ThQ7J.png,bitterly basin,0
C12U0a4JlQ20Q5NS3DWY,madison_willson@correo.com,C12U0a4JlQ20Q5NS3DWY.png,merrily jeans,7
n07V54NpE8G648jaI2pD,mandy_russell@correo.com,n07V54NpE8G648jaI2pD.png,The kindhearted action,0
yCi2nsBi7r5NPfI31l6F,morgan_coleman@correo.com,yCi2nsBi7r5NPfI31l6F.png,kindheartedly pail with slope,3
rj3upSuGfn6h68kxe00x,skylar_doherty@correo.com,rj3upSuGfn6h68kxe00x.png,coolly number,0
Z63Gc27A1TIiNF148IFW,madison_willson@correo.com,Z63Gc27A1TIiNF148IFW.png,foolishly smell,6
ZFcYMh328oIaxq48haz1,morgan_coleman@correo.com,ZFcYMh328oIaxq48haz1.png,deceivingly achiever,0
5tyan01XSrYktLMxp4c3,skylar_doherty@correo.com,5tyan01XSrYktLMxp4c3.png,cautiously flag through month,0
4y6006ulA6u4w7gJd4u6,mandy_russell@correo.com,4y6006ulA6u4w7gJd4u6.png,The lethal harmony,6
Nl4xwv72SafGb103cUox,madison_willson@correo.com,Nl4xwv72SafGb103cUox.png,crazily muscle,0
Vqz8Uh6bxzk4H8SKJyCb,mandy_russell@correo.com,Vqz8Uh6bxzk4H8SKJyCb.png,rapidly friend,4
rX7i35D4b5vc3Q2pTNHr,mandy_russell@correo.com,rX7i35D4b5vc3Q2pTNHr.png,division,5
pDBbx7i2bM404H6WZ545,mandy_russell@correo.com,pDBbx7i2bM404H6WZ545.png,helplessly cow,0
W328ynqXqGQ8eZYVeDnO,skylar_doherty@correo.com,W328ynqXqGQ8eZYVeDnO.png,frenetically knowledge,0
Hy6Z8Z60DbbOY7K7dU46,morgan_coleman@correo.com,Hy6Z8Z60DbbOY7K7dU46.png,kookily flowers,3
05ONQqamqtGg74E6Esez,morgan_coleman@correo.com,05ONQqamqtGg74E6Esez.png,The jumpy pot,4
sCW0oi5cf60cAGHIYCO2,tony_brett@correo.com,sCW0oi5cf60cAGHIYCO2.png,The kindly ladybug,0
U66PdLX11TQ3EsGAM3tY,ramon_ogilvy@correo.com,U66PdLX11TQ3EsGAM3tY.png,questioningly shock,0
BkP8zRorEM6EXDt1aiEH,chuck_martin@correo.com,BkP8zRorEM6EXDt1aiEH.png,The next bulb,0
1y1uLlqq7bpl70k4L0l2,morgan_coleman@correo.com,1y1uLlqq7bpl70k4L0l2.png,The adventurous sun,0
Mhgyr8u14Ft7i8O7t7xg,tony_brett@correo.com,Mhgyr8u14Ft7i8O7t7xg.png,hungrily fruit,0
Y7mBwtY0MahkN7vkCSF4,ramon_ogilvy@correo.com,Y7mBwtY0MahkN7vkCSF4.png,celery,0
HS5G1x3sUUPujQ11M4x4,chuck_martin@correo.com,HS5G1x3sUUPujQ11M4x4.png,sweater,0
aDmb0UM3L8rXkH3uWyei,carl_graham@correo.com,aDmb0UM3L8rXkH3uWyei.png,lamp,0
y6R87ulCd7BlnYR14N0B,ramon_ogilvy@correo.com,y6R87ulCd7BlnYR14N0B.png,The freely reason,0
73A0LNEF8cjKV1lnT28N,chuck_martin@correo.com,73A0LNEF8cjKV1lnT28N.png,The heartbreaking quill,0
ZA068c2T0y20QrMbQ06U,chadwick_wilkinson@correo.com,ZA068c2T0y20QrMbQ06U.png,The spiky stitch,0
Z3XWn5aWE87563HtzREM,carl_graham@correo.com,Z3XWn5aWE87563HtzREM.png,tomorrow squirrel by heat,0
6HLWb00a5eAM3s180F52,chadwick_wilkinson@correo.com,6HLWb00a5eAM3s180F52.png,The yummy cracker,0
LqQNsP0PerrCW4QI7Fp0,david_weasley@correo.com,LqQNsP0PerrCW4QI7Fp0.png,beds,0
418L2BmsLVK5pP4jQC6p,margaret_patel@correo.com,418L2BmsLVK5pP4jQC6p.png,literally property past basket,0
ow5pHf4wa23d645HB6e8,carl_graham@correo.com,ow5pHf4wa23d645HB6e8.png,The educated pancake,0
G3GHf2j8ti3b17ZoNmxh,chadwick_wilkinson@correo.com,G3GHf2j8ti3b17ZoNmxh.png,verse,0
mY8n4fO8e7wJaP6tCwqw,margaret_patel@correo.com,mY8n4fO8e7wJaP6tCwqw.png,wound,0
F8Kn58Q207cIlG61xhKG,carl_graham@correo.com,F8Kn58Q207cIlG61xhKG.png,fuel,0
0iC6aVd74708JS7U4xgq,david_weasley@correo.com,0iC6aVd74708JS7U4xgq.png,energetically reading,0
EENm8cEpD32lAbi6Yo58,chadwick_wilkinson@correo.com,EENm8cEpD32lAbi6Yo58.png,furiously range,0
V642UITZWacTkhk2wO25,david_weasley@correo.com,V642UITZWacTkhk2wO25.png,instantly border,0
cHuv6r8LU5H68U18ZSJk,margaret_patel@correo.com,cHuv6r8LU5H68U18ZSJk.png,The intently juice,0
k3jNS11ejlNWXMVpmy7l,carl_graham@correo.com,k3jNS11ejlNWXMVpmy7l.png,The hungry sheep,0
84wnNiUe4gYgf317KV7w,david_weasley@correo.com,84wnNiUe4gYgf317KV7w.png,speedily loss,0
YTT046v055AebiH0At2J,margaret_patel@correo.com,YTT046v055AebiH0At2J.png,The anyway curve,0
bU43paFeBm1U66U7Thno,joseph_patel@correo.com,bU43paFeBm1U66U7Thno.png,The upwardly zebra,0
xNwYm318QzZ225QR2474,makena_hunter@correo.com,xNwYm318QzZ225QR2474.png,fortunately discussion past egg,0
B6zMUVJ5s1Db3Lr5cs2H,david_weasley@correo.com,B6zMUVJ5s1Db3Lr5cs2H.png,upward scissors among interest,0
BKZtfQg1A2V6E7n1SZ7u,joseph_patel@correo.com,BKZtfQg1A2V6E7n1SZ7u.png,easily fang,0
XWZ2z4og1nYA4T8ZC7Hv,makena_hunter@correo.com,XWZ2z4og1nYA4T8ZC7Hv.png,foolishly eyes,0
RYe546541I1v8dbD65XH,vanessa_kelly@correo.com,RYe546541I1v8dbD65XH.png,elsewhere turn,0
sBctju7c563nF002Ait0,joseph_patel@correo.com,sBctju7c563nF002Ait0.png,The unkempt smell,0
o81mBTdr6gABXM7B611s,callie_stuart@correo.com,o81mBTdr6gABXM7B611s.png,fly,2
aNEH3gPShQwoU3AeuEyk,chad_stanton@correo.com,aNEH3gPShQwoU3AeuEyk.png,tomorrow sack,0
dAfAW2N0TQb2YgicIrT0,ethan_tutton@correo.com,dAfAW2N0TQb2YgicIrT0.png,only soap,8
g8V3B7RiE45JJHEbD1Bc,joseph_patel@correo.com,g8V3B7RiE45JJHEbD1Bc.png,bashfully rain,0
SI40svK7Tl5ZLeeTBL47,callie_stuart@correo.com,SI40svK7Tl5ZLeeTBL47.png,The scarcely language,8
sh4P2GBGyOOJ5QM0k561,chad_stanton@correo.com,sh4P2GBGyOOJ5QM0k561.png,middle,0
33xWU4x71Q1kBWl4p5eG,joseph_patel@correo.com,33xWU4x71Q1kBWl4p5eG.png,The shyly sky,0
0SC05j3RlLHS20df6Mr4,callie_stuart@correo.com,0SC05j3RlLHS20df6Mr4.png,relatively iron,0
nP7365hjtUXJmh7Hr70l,ethan_tutton@correo.com,nP7365hjtUXJmh7Hr70l.png,The alcoholic rainstorm,4
O8VlWnnHcs2H82341K8m,ethan_tutton@correo.com,O8VlWnnHcs2H82341K8m.png,The zestily position,8
h5fD8SexwRH48X6K8UoV,callie_stuart@correo.com,h5fD8SexwRH48X6K8UoV.png,pizzas,0
8O5h1h6Cr62XsUt3DQzI,stephanie_gibson@correo.com,8O5h1h6Cr62XsUt3DQzI.png,The probable magic,4
8l2W5MTeieUyYiX80h3B,callie_stuart@correo.com,8l2W5MTeieUyYiX80h3B.png,The historical property,0
6suTZIFB3izTYv3g0DzI,ethan_tutton@correo.com,6suTZIFB3izTYv3g0DzI.png,frankly sister,8
HUf464k0j1smleU5y625,stephanie_gibson@correo.com,HUf464k0j1smleU5y625.png,The obeisant change,6
6nML28AUAA5QHr2ndDWi,doug_kelly@correo.com,6nML28AUAA5QHr2ndDWi.png,The devotedly nest,0
AETg8J2OW8Qi57oDAhAd,lynn_attwood@correo.com,AETg8J2OW8Qi57oDAhAd.png,The vagabond peace,0
QknBGhqJ83Mi3JKN4aT6,stephanie_gibson@correo.com,QknBGhqJ83Mi3JKN4aT6.png,The miniature table,6
0q1uamq3v11m4TKo4R7f,nicholas_mccall@correo.com,0q1uamq3v11m4TKo4R7f.png,spoon,0
K353ZgC5GeXp62m686qS,stephanie_gibson@correo.com,K353ZgC5GeXp62m686qS.png,The homely grip,7
vzz2R6672OjefJI4J6A7,lynn_attwood@correo.com,vzz2R6672OjefJI4J6A7.png,meeting,1
QpI5HI3Gfj8c048rdvzI,doug_kelly@correo.com,QpI5HI3Gfj8c048rdvzI.png,loyally division,5
oanf41y74dYQdLwRzVsS,nicholas_mccall@correo.com,oanf41y74dYQdLwRzVsS.png,The aberrant wind,0
W7F6evaDnA7kd6gd3j5A,stephanie_gibson@correo.com,W7F6evaDnA7kd6gd3j5A.png,coyly waves above change,3
4PK6OezqejpW7WhjEY4V,carl_richardson@correo.com,4PK6OezqejpW7WhjEY4V.png,wearily battle,0
buBt0GjJ64CbPlI33XyO,rick_cartwright@correo.com,buBt0GjJ64CbPlI33XyO.png,certainly fact,0
quV2TJoyu432KSu3x8GG,nicholas_mccall@correo.com,quV2TJoyu432KSu3x8GG.png,separately wi,0
WtR4NQf5M5apoNHm884S,carl_richardson@correo.com,WtR4NQf5M5apoNHm884S.png,positively bikes,0
OI0275eMJaXJIi20g3yB,nicholas_mccall@correo.com,OI0275eMJaXJIi20g3yB.png,The dull crowd,0
06Oa5S2f73Noqbwn4xAp,rick_cartwright@correo.com,06Oa5S2f73Noqbwn4xAp.png,The pink birthday,0
xUv3k53d3Mf1vJcyHC1T,mark_mooney@correo.com,xUv3k53d3Mf1vJcyHC1T.png,surprisingly volleyball,0
zqcRkvCq311Gs0csi0H4,carl_richardson@correo.com,zqcRkvCq311Gs0csi0H4.png,The deeply shake,0
b82Q8kP6QDEP16sCjBKu,nicholas_mccall@correo.com,b82Q8kP6QDEP16sCjBKu.png,reason,0
r831j4KRgO3WWtEYB660,rick_cartwright@correo.com,r831j4KRgO3WWtEYB660.png,porter,5
7P5rNOhYWX8wD8h8t35G,mark_mooney@correo.com,7P5rNOhYWX8wD8h8t35G.png,book,0
xeO6uwh2MMkPTvW8sTP3,mark_mooney@correo.com,xeO6uwh2MMkPTvW8sTP3.png,The brightly river,0
goCiEiTJ5meSz160gKly,carl_richardson@correo.com,goCiEiTJ5meSz160gKly.png,wetly point,0
6Q3tEGg35evm4GHw5qFi,lindsay_utterson@correo.com,6Q3tEGg35evm4GHw5qFi.png,loudly vacation,0
d3tM25Qw6Ds6cqpZo81X,tom_benson@correo.com,d3tM25Qw6Ds6cqpZo81X.png,seat,0
MbWKOumiunMAGzh628Fl,mark_mooney@correo.com,MbWKOumiunMAGzh628Fl.png,cactus,0
XEnJ7rx4T2Bh2YklwtBN,carl_richardson@correo.com,XEnJ7rx4T2Bh2YklwtBN.png,The defiant whistle,0
E0OZY6j8Dw7G0GLD26aK,lindsay_utterson@correo.com,E0OZY6j8Dw7G0GLD26aK.png,The physical teaching,0
n6eZx0121KyOVM6eOzwA,mark_mooney@correo.com,n6eZx0121KyOVM6eOzwA.png,chance,0
21Is3443OqHkMRIx7a7j,tom_benson@correo.com,21Is3443OqHkMRIx7a7j.png,river,0
6FMZKOGqbILqAsuiLf67,lindsay_utterson@correo.com,6FMZKOGqbILqAsuiLf67.png,thoughtfully wool,0
f0V2h67OF3k3wBlN0lo1,karen_ralph@correo.com,f0V2h67OF3k3wBlN0lo1.png,The black-and-white library,7
a6x0078i3ko2RZFlAF45,lindsay_utterson@correo.com,a6x0078i3ko2RZFlAF45.png,The dull moon,0
L70XQ451lpE8858GHc0W,hannah_martin@correo.com,L70XQ451lpE8858GHc0W.png,The childlike building,0
J3NfpDM6b2B87LVTm8O7,karen_ralph@correo.com,J3NfpDM6b2B87LVTm8O7.png,meat,0
43P602OHK86avHtGf16P,alexia_tyler@correo.com,43P602OHK86avHtGf16P.png,The imperfect jellyfish,0
5tW841LDt72vh0Bj3Lpg,payton_nelson@correo.com,5tW841LDt72vh0Bj3Lpg.png,crook,0
180mOX1l032X5nPt4zvY,alexia_tyler@correo.com,180mOX1l032X5nPt4zvY.png,The almost tomatoes,10
vyN40tga1wMCn673M81x,karen_ralph@correo.com,vyN40tga1wMCn673M81x.png,The intensely leg,8
LSe5n4hSS384HNVsM40H,hannah_martin@correo.com,LSe5n4hSS384HNVsM40H.png,generally teeth,0
3VgixfTEb3Tc53Vh0165,payton_nelson@correo.com,3VgixfTEb3Tc53Vh0165.png,shame,0
8VSt43zrwk75oexuvVQd,alexia_tyler@correo.com,8VSt43zrwk75oexuvVQd.png,The commonly blood,1
6Ns7j5Q2O5I50G1q5Kul,karen_ralph@correo.com,6Ns7j5Q2O5I50G1q5Kul.png,helplessly tent,0
Lr40S8vICN3UoR5ZEu8y,payton_nelson@correo.com,Lr40S8vICN3UoR5ZEu8y.png,fairly caption before airplane,0
hM5eN6qOYV5SPE7f7JJT,payton_nelson@correo.com,hM5eN6qOYV5SPE7f7JJT.png,restfully bridge,9
SiWrdkp8x15Fht5FIkoF,rocco_gavin@correo.com,SiWrdkp8x15Fht5FIkoF.png,shop,0
C11omIE1cDe05qe1LP76,logan_noach@correo.com,C11omIE1cDe05qe1LP76.png,school,0
f86cpne0sBr4RXJ32h0L,carolyn_boyle@correo.com,f86cpne0sBr4RXJ32h0L.png,The carefully part,0
6rA6Lwy110YJ3RR0Uq5M,payton_nelson@correo.com,6rA6Lwy110YJ3RR0Uq5M.png,truck,0
OlFZnt55eZ6TY4J107B1,logan_noach@correo.com,OlFZnt55eZ6TY4J107B1.png,The well-to-do team,5
7014SWf21m37zlxl18U4,chester_hastings@correo.com,7014SWf21m37zlxl18U4.png,smash,0
k2tY6U68o07c1Yc7YuBV,stephanie_archer@correo.com,k2tY6U68o07c1Yc7YuBV.png,basically iron,0
C5HP05wroeMc3K58tiri,hannah_patel@correo.com,C5HP05wroeMc3K58tiri.png,suddenly camera save eye,7
bS5Xw0hXvR7Kc30x756t,logan_noach@correo.com,bS5Xw0hXvR7Kc30x756t.png,The tan stamp,0
0Ej5o86uuh6YcNEnQta6,stephanie_archer@correo.com,0Ej5o86uuh6YcNEnQta6.png,upright curve,0
87OgUZa416XW6kyv87ef,chester_hastings@correo.com,87OgUZa416XW6kyv87ef.png,The amazing effect,0
oB05rMUayrF08qCDfKtr,logan_noach@correo.com,oB05rMUayrF08qCDfKtr.png,The hushed caption,2
74y2ikkn1B0VtQ7Fey1Z,stephanie_archer@correo.com,74y2ikkn1B0VtQ7Fey1Z.png,neatly condition,0
2BkrI10C3Hlmzj082XCL,logan_noach@correo.com,2BkrI10C3Hlmzj082XCL.png,ever rate,0
0pPpkSCnjL4J5c3321D4,chester_hastings@correo.com,0pPpkSCnjL4J5c3321D4.png,rapidly distribution,0
oMW3ogPH7pJcGci4DsFE,hannah_patel@correo.com,oMW3ogPH7pJcGci4DsFE.png,donkey,5
8KYhlxYnD20FPm2BUb7C,chester_hastings@correo.com,8KYhlxYnD20FPm2BUb7C.png,The vengeful test,0
igKFpx6Z1o7b1yeZujqJ,stephanie_archer@correo.com,igKFpx6Z1o7b1yeZujqJ.png,istanc,1
1F7KU244WpRKH32tlF2S,hannah_patel@correo.com,1F7KU244WpRKH32tlF2S.png,previously fuel,0
QgkfYAGW6pIvi63Otg4O,chester_hastings@correo.com,QgkfYAGW6pIvi63Otg4O.png,fuel,0
0YDEneuYph2MNV0CSLj2,ciara_casey@correo.com,0YDEneuYph2MNV0CSLj2.png,dock,0
VwBV61zhXY6C26nzk82R,hannah_patel@correo.com,VwBV61zhXY6C26nzk82R.png,design,8
4t7ySJ8SE4CrxjZks43D,ciara_casey@correo.com,4t7ySJ8SE4CrxjZks43D.png,The deeply route,0
34rw8MiE2CTThoXK4Cy1,roger_sloan@correo.com,34rw8MiE2CTThoXK4Cy1.png,angle,3
QM6MY6Rcf208j6D2GE3k,nicholas_stone@correo.com,QM6MY6Rcf208j6D2GE3k.png,wholly appliance,0
xn63ZbWt678s8Y024qyQ,roger_sloan@correo.com,xn63ZbWt678s8Y024qyQ.png,The violet believe,0
36ZACZ5s3h1l5kKD2Hkg,carl_lloyd@correo.com,36ZACZ5s3h1l5kKD2Hkg.png,The clearly range,0
0D4SpDHFCT3TqlGk5c0T,elly_malone@correo.com,0D4SpDHFCT3TqlGk5c0T.png,industry,0
izV3z2Y2521L5364YD8N,carl_lloyd@correo.com,izV3z2Y2521L5364YD8N.png,board,3
Fsv438QY3b0hCNMFQis1,rosa_locke@correo.com,Fsv438QY3b0hCNMFQis1.png,jealously space,0
fv4m7P63RD8tq0OE2r5x,elly_malone@correo.com,fv4m7P63RD8tq0OE2r5x.png,ocean,0
TZeJ572otCkx6dTLlS6W,roger_sloan@correo.com,TZeJ572otCkx6dTLlS6W.png,sedately blood,3
02P1Zhn2KXHNXNZ8STNk,carl_lloyd@correo.com,02P1Zhn2KXHNXNZ8STNk.png,doll,4
n0gjk8e70Pj8QfLk5KkE,rosa_locke@correo.com,n0gjk8e70Pj8QfLk5KkE.png,The gladly crook,10
JS1E8TZ6Ilpm362z6063,elly_malone@correo.com,JS1E8TZ6Ilpm362z6063.png,volcano,0
a4BKEHgt3ef73y1Fy05U,carl_lloyd@correo.com,a4BKEHgt3ef73y1Fy05U.png,badge,2
A5uVzD03ib4Nvx6a1obu,carl_lloyd@correo.com,A5uVzD03ib4Nvx6a1obu.png,kindly time,0
XEz2G6oAC7xczgKN18v7,felicity_needham@correo.com,XEz2G6oAC7xczgKN18v7.png,briskly power against crate,0
1E4e84O1447EjdqYI6pr,tyson_rixon@correo.com,1E4e84O1447EjdqYI6pr.png,The depressed scarf,0
7Eh3W2u0x0vUzNc076QD,rocco_terry@correo.com,7Eh3W2u0x0vUzNc076QD.png,nervously wound,0
K0665lvo42vfAveg0PfZ,rocco_terry@correo.com,K0665lvo42vfAveg0PfZ.png,connection,0
65nZ5WGN6tZlkI8h725X,tyson_rixon@correo.com,65nZ5WGN6tZlkI8h725X.png,The flaky lumber,5
o7B5um4LVxYt2HoYm4LV,gwen_wilkinson@correo.com,o7B5um4LVxYt2HoYm4LV.png,plant,6
20y2e3unKRdC4Jr76D08,rocco_terry@correo.com,20y2e3unKRdC4Jr76D08.png,discovery,0
73i2dt1w3K1820P8wy12,tyson_rixon@correo.com,73i2dt1w3K1820P8wy12.png,nicely kettle,0
kiq1s7nk7y11bwy1TYq1,paige_robinson@correo.com,kiq1s7nk7y11bwy1TYq1.png,highly sidewalk,0
17072JXz7gBUPsbN8q18,gwen_wilkinson@correo.com,17072JXz7gBUPsbN8q18.png,The jaded belief,3
FE5W6hZWAi3XIYkD5Snm,rocco_terry@correo.com,FE5W6hZWAi3XIYkD5Snm.png,The panicky crowd,0
gZH0He5kD7Lq8ghr12rE,paige_robinson@correo.com,gZH0He5kD7Lq8ghr12rE.png,decision,0
htW76GMINRv0EOmZ5L52,gwen_wilkinson@correo.com,htW76GMINRv0EOmZ5L52.png,The quizzically punishment,0
L54bXDVX0pOfI54QGv0q,rocco_terry@correo.com,L54bXDVX0pOfI54QGv0q.png,The annoying soap,0
GSPflQia7CD51EY2ZXeG,anabelle_nielson@correo.com,GSPflQia7CD51EY2ZXeG.png,naturally swim,0
2YRX2sbkq77RV17UI0Kx,gwen_wilkinson@correo.com,2YRX2sbkq77RV17UI0Kx.png,The unimpressively weight,484
5Gt88u54QuF3dOmX1Xc1,paige_robinson@correo.com,5Gt88u54QuF3dOmX1Xc1.png,sponge,0
sSzFPl3ikx6hwY852IVB,anabelle_nielson@correo.com,sSzFPl3ikx6hwY852IVB.png,adventurously finger,0
7xb7b3g71IqU0c5UvkQ1,alison_vass@correo.com,7xb7b3g71IqU0c5UvkQ1.png,sharply cable considering sack,0
QmNyp6VQZNGrOmtV23W0,anabelle_nielson@correo.com,QmNyp6VQZNGrOmtV23W0.png,The energetically cover,0
jH3515Yef4BHt0mPwwMx,paige_robinson@correo.com,jH3515Yef4BHt0mPwwMx.png,The mostly cloth,0
Bv0yJ04Fj2ts743141rA,alison_vass@correo.com,Bv0yJ04Fj2ts743141rA.png,The godly cave,8
qw5Gu8BGhJvBMvoFO77H,mona_andrews@correo.com,qw5Gu8BGhJvBMvoFO77H.png,The damp example,0
5bOu8EwxXjT5jT6XlYxC,anabelle_nielson@correo.com,5bOu8EwxXjT5jT6XlYxC.png,system,0
oVpQ2ZrNWfE0ZXZQZac7,mark_stevens@correo.com,oVpQ2ZrNWfE0ZXZQZac7.png,The impolite group,0
Vt04t0W182G52mCdA2Sk,alison_vass@correo.com,Vt04t0W182G52mCdA2Sk.png,suit,4
8SeFjTHL28h3JQ4McNr5,mona_andrews@correo.com,8SeFjTHL28h3JQ4McNr5.png,wonderfully window,0
233q540J4F3Ov62oSIOD,anabelle_nielson@correo.com,233q540J4F3Ov62oSIOD.png,school,0
6hykt32bR87k20i24jIW,mona_andrews@correo.com,6hykt32bR87k20i24jIW.png,openly partner,0
X8LvjfXxMPeem2Y7hFRb,alison_vass@correo.com,X8LvjfXxMPeem2Y7hFRb.png,kiddingly bedroom,9
l218lPYUB84F6qwLgxPg,mark_stevens@correo.com,l218lPYUB84F6qwLgxPg.png,kittens,0
2bmp1m5Y0Wa8Lh5YrCQn,mona_andrews@correo.com,2bmp1m5Y0Wa8Lh5YrCQn.png,The knottily toothbrush,0
NjF1S2PsDZ8FE4n18so6,alison_vass@correo.com,NjF1S2PsDZ8FE4n18so6.png,sink,8
BI70eov4mBsjf004tHC3,mark_stevens@correo.com,BI70eov4mBsjf004tHC3.png,only pail,0
03Lkdzcyxk54pt3v30GZ,mona_andrews@correo.com,03Lkdzcyxk54pt3v30GZ.png,basin,0
jY3zKFcNTusbk3Yj1SkH,jayden_randall@correo.com,jY3zKFcNTusbk3Yj1SkH.png,The elegantly pet,10
wvWoo8536L8iJMhbLHpe,mark_stevens@correo.com,wvWoo8536L8iJMhbLHpe.png,fairies,0
5zoz2BIMdv64t63384bh,jayden_randall@correo.com,5zoz2BIMdv64t63384bh.png,carelessly letter,0
h7MbaQ6Lzys1MsbBgeB6,peyton_alcroft@correo.com,h7MbaQ6Lzys1MsbBgeB6.png,blow,0
8ihv67C6D48WvpYP1Mog,jayden_randall@correo.com,8ihv67C6D48WvpYP1Mog.png,The complex fold,10
fmYTsv82NqMo77Zs064j,hailey_stevenson@correo.com,fmYTsv82NqMo77Zs064j.png,worm,0
ilmo2L2OQEK0XoOl6T68,bart_webster@correo.com,ilmo2L2OQEK0XoOl6T68.png,cub,0
dc7IfVo1zG4vJTI24xRS,peyton_alcroft@correo.com,dc7IfVo1zG4vJTI24xRS.png,stamp,0
bRLg3Sp6WX88zNddKfQF,christine_snell@correo.com,bRLg3Sp6WX88zNddKfQF.png,The powerfully spy,0
4dBI2c6Wim786f1n3SLk,bree_newton@correo.com,4dBI2c6Wim786f1n3SLk.png,yesterday skin,0
2L1hH2p38gqDo127Q33o,maribel_whatson@correo.com,2L1hH2p38gqDo127Q33o.png,humor,0
2AUQUtq2dHZA57WXB8Ku,christine_snell@correo.com,2AUQUtq2dHZA57WXB8Ku.png,The hungrily letter,0
I23ZWl51eS7be3n21uOq,bree_newton@correo.com,I23ZWl51eS7be3n21uOq.png,cruelly sheep,0
IsjNXz502qb4wgB63Ys2,julius_rivers@correo.com,IsjNXz502qb4wgB63Ys2.png,blissfully pot upon base,0
KWv10VSR0i1ZsWT58rOk,julius_rivers@correo.com,KWv10VSR0i1ZsWT58rOk.png,error,0
6z8DX1udN3mDwn2C05kM,bree_newton@correo.com,6z8DX1udN3mDwn2C05kM.png,The somber run,1
5647rvhwdn2dgja02H43,elly_harvey@correo.com,5647rvhwdn2dgja02H43.png,instead nut,8
g44aMj43vIb6V5gsI1kk,maribel_whatson@correo.com,g44aMj43vIb6V5gsI1kk.png,legs,0
csZN5F64uXsaHo56Syx4,maribel_whatson@correo.com,csZN5F64uXsaHo56Syx4.png,decision,0
8CY5jTG336BEYE7DpmOt,bree_lowe@correo.com,8CY5jTG336BEYE7DpmOt.png,payment,0
85fGD45OVOB7oh7i6n8x,elly_harvey@correo.com,85fGD45OVOB7oh7i6n8x.png,The equable support,10
oMT15KuMQ888H0wtSH7N,parker_rowan@correo.com,oMT15KuMQ888H0wtSH7N.png,The generally berry,0
biHT0gI0ZnT3SS772688,maribel_whatson@correo.com,biHT0gI0ZnT3SS772688.png,actually ear,0
lh5A0vqN27DzBGUdewL6,elly_harvey@correo.com,lh5A0vqN27DzBGUdewL6.png,The jealously trip,10
3m4Y1y182C5qLu15YPl5,bree_lowe@correo.com,3m4Y1y182C5qLu15YPl5.png,The quizzically glove,0
ddDVQz1N0xSlCqGkhB8m,parker_rowan@correo.com,ddDVQz1N0xSlCqGkhB8m.png,arrogantly show,0
KUeEm6644iyXSD1r144r,joy_addis@correo.com,KUeEm6644iyXSD1r144r.png,The legal cub,0
e4oi4mX777aFYS34fg6K,abdul_simpson@correo.com,e4oi4mX777aFYS34fg6K.png,throne,8
2ty3Re6NQmurj8d2uEi4,tyler_bayliss@correo.com,2ty3Re6NQmurj8d2uEi4.png,girls,0
aSbJMNa8SJGv6H3lA485,joy_addis@correo.com,aSbJMNa8SJGv6H3lA485.png,excitedly tiger,0
vRcltQ5uq0qGhY4xRvEC,abdul_simpson@correo.com,vRcltQ5uq0qGhY4xRvEC.png,The gifted friction,0
O26xrlF11x30011cg3hh,tyler_bayliss@correo.com,O26xrlF11x30011cg3hh.png,The jealously face,0
zL2J2We33X43iij5Cp3Z,joy_addis@correo.com,zL2J2We33X43iij5Cp3Z.png,The tiresome power,0
6IjO077j8C1TBWME4V88,emma_rees@correo.com,6IjO077j8C1TBWME4V88.png,door,0
Ut54hSU60xfLWF202e2d,dasha_jarvis@correo.com,Ut54hSU60xfLWF202e2d.png,tongue,0
Yrt476aIm685I8632fNT,joy_addis@correo.com,Yrt476aIm685I8632fNT.png,inwardly arm,0
oWOuTKhiN8V2y307ynw4,emma_rees@correo.com,oWOuTKhiN8V2y307ynw4.png,arm,9
4wHLZbt616Mgn2lU2OWX,denis_rehman@correo.com,4wHLZbt616Mgn2lU2OWX.png,quicksand,0
W681c1yFQ55cK5bOY7C4,emma_rees@correo.com,W681c1yFQ55cK5bOY7C4.png,fish,0
tFJkSMG48g1knffiuH13,emely_rehman@correo.com,tFJkSMG48g1knffiuH13.png,The agonizing writer,0
R3r3t8sozjHa5PmI4OQ2,joy_addis@correo.com,R3r3t8sozjHa5PmI4OQ2.png,The secretive laugh,0
KHO3al5LwdZPZPw08RtN,denis_rehman@correo.com,KHO3al5LwdZPZPw08RtN.png,The knowing history,0
4k3Gy2xqtcfu08VOcwqZ,denis_rehman@correo.com,4k3Gy2xqtcfu08VOcwqZ.png,The very growth,0
4o5x6ndxE72RG6cdi8p8,emely_rehman@correo.com,4o5x6ndxE72RG6cdi8p8.png,The yearly adjustment,0
vdQg442JY3UDmbe3WEt1,mike_white@correo.com,vdQg442JY3UDmbe3WEt1.png,push,0
0QxTEL64K7Uw5Ep3W4CX,denis_rehman@correo.com,0QxTEL64K7Uw5Ep3W4CX.png,seldom river,0
6P4D34G3AAAKlqkuKbQH,mason_bloom@correo.com,6P4D34G3AAAKlqkuKbQH.png,The fabulous wire,0
M2ZUQ308Wv7qe7Ne2Q6p,mike_white@correo.com,M2ZUQ308Wv7qe7Ne2Q6p.png,yesterday toys,0
Lu7p63WhHEUmM3Z6xgt7,mason_bloom@correo.com,Lu7p63WhHEUmM3Z6xgt7.png,rapidly jar,0
Q61O14q1iw8DDQW5F317,denis_rehman@correo.com,Q61O14q1iw8DDQW5F317.png,edge,0
o11jrIfNQvSPT3i0638y,davina_walker@correo.com,o11jrIfNQvSPT3i0638y.png,harbor,0
gW67u6uE6Nu0Jo8ZP1Os,mike_white@correo.com,gW67u6uE6Nu0Jo8ZP1Os.png,bitterly writer,0
hp7H88ft2615vEaRyZt7,davina_walker@correo.com,hp7H88ft2615vEaRyZt7.png,The burly bulb,0
dh0H6uTIbm8u2C2yWhL6,mike_white@correo.com,dh0H6uTIbm8u2C2yWhL6.png,The therapeutic shirt,0
J7174cu413O1J0icaCBq,vicky_edmonds@correo.com,J7174cu413O1J0icaCBq.png,The queerly land,0
flnbHNdW6JrjTz2nf5vv,abdul_cassidy@correo.com,flnbHNdW6JrjTz2nf5vv.png,quartz,0
0CBi2xin372P85yS2Qxo,vicky_edmonds@correo.com,0CBi2xin372P85yS2Qxo.png,mine,0
Iztq56UdZkCfaOrG3a2i,anthony_verdon@correo.com,Iztq56UdZkCfaOrG3a2i.png,The partially digestion,0
t1ZY04c0C8v0V2duCXKH,abdul_cassidy@correo.com,t1ZY04c0C8v0V2duCXKH.png,deceivingly protest,0
ZtEDm7dp05C1n50nm050,andrea_ballard@correo.com,ZtEDm7dp05C1n50nm050.png,terrifically cow on push,0
6ms4woztQ64k4Yg168pW,vicky_edmonds@correo.com,6ms4woztQ64k4Yg168pW.png,The light discussion,0
8a30eIg4Cpl2x62G21gA,anthony_verdon@correo.com,8a30eIg4Cpl2x62G21gA.png,noisily pets,0
F5WYcD137yX5iWZjW1ko,abdul_cassidy@correo.com,F5WYcD137yX5iWZjW1ko.png,The yummy rake,0
c0GlouFwCVQvO26o6qlh,andrea_ballard@correo.com,c0GlouFwCVQvO26o6qlh.png,The questionable attraction,0
H7Vx83syl6oPwlz41cNh,vicky_edmonds@correo.com,H7Vx83syl6oPwlz41cNh.png,laugh,0
08XKR2b7f62FDSPZaw1y,abdul_cassidy@correo.com,08XKR2b7f62FDSPZaw1y.png,The mockingly time,0
sj1yv7Go8xi5aASMEy4P,andrea_ballard@correo.com,sj1yv7Go8xi5aASMEy4P.png,sail,0
27FwZxMlSMf6BDls812k,kate_tanner@correo.com,27FwZxMlSMf6BDls812k.png,crazily neck,8
7ZqX3H6bxJCkaLTIF5un,agnes_tate@correo.com,7ZqX3H6bxJCkaLTIF5un.png,seemingly drink,0
mK75J3764hfi3ZsD1qNE,andrea_ballard@correo.com,mK75J3764hfi3ZsD1qNE.png,The bleakly shirt,0
wjwX5PtUT80M1FMm5TjV,marilyn_hewitt@correo.com,wjwX5PtUT80M1FMm5TjV.png,The shy hands,0
4y0XiHIKZpG78O02foF7,margot_button@correo.com,4y0XiHIKZpG78O02foF7.png,The normal reaction,0
4zPyH6M3hbf8SU075zjR,marilyn_hewitt@correo.com,4zPyH6M3hbf8SU075zjR.png,keenly beginner by move,0
xX2Cum5XkDqDWx51wsVM,agnes_tate@correo.com,xX2Cum5XkDqDWx51wsVM.png,ahead wood,0
8OGV5N08lMWY62QyHpb5,andrea_ballard@correo.com,8OGV5N08lMWY62QyHpb5.png,The gladly income,0
m5sl8Mt6i1FYjQo48Lfy,margot_button@correo.com,m5sl8Mt6i1FYjQo48Lfy.png,The properly ground,0
NssUvnXEpgiIyBvc3Ofk,agnes_tate@correo.com,NssUvnXEpgiIyBvc3Ofk.png,The keenly yak,0
sY4fIwPbnc886KRNR701,marilyn_hewitt@correo.com,sY4fIwPbnc886KRNR701.png,statement,0
i65NR0hdhxD1etV8fLy6,margot_button@correo.com,i65NR0hdhxD1etV8fLy6.png,The arrogantly part,10
3vq24tR5O4VfNgWik1Le,marjorie_miller@correo.com,3vq24tR5O4VfNgWik1Le.png,recently page by pizzas,0
117weM84A7veevAC024g,harvey_noon@correo.com,117weM84A7veevAC024g.png,hope,0
YM3mFdPeSdU3hyBiRquM,johnathan_clark@correo.com,YM3mFdPeSdU3hyBiRquM.png,dramatically celery,0
DKu6Hn3Wfn0ZMBPvqjwK,margot_button@correo.com,DKu6Hn3Wfn0ZMBPvqjwK.png,The frankly flowers,9
fqAl08D3o7V507B5ER62,johnathan_clark@correo.com,fqAl08D3o7V507B5ER62.png,The roughly holiday,0
87wul07H4S0TrNhq7n6d,harvey_noon@correo.com,87wul07H4S0TrNhq7n6d.png,The woozy instrument,6
u1si2w273IrkZrD8eNpO,sebastian_wright@correo.com,u1si2w273IrkZrD8eNpO.png,stick,0
VYXK524Pe82hhD23MTR3,benny_abbey@correo.com,VYXK524Pe82hhD23MTR3.png,woman,0
22bfC4O3BM0xg6Huh2E6,johnathan_clark@correo.com,22bfC4O3BM0xg6Huh2E6.png,The ajar steel,0
j87mhBDnzq8z2N8R8nk4,harvey_noon@correo.com,j87mhBDnzq8z2N8R8nk4.png,coal,0
WU33nn78n4SxyQrnN668,sebastian_wright@correo.com,WU33nn78n4SxyQrnN668.png,The furiously rainstorm,0
1NONC3nH5TCs2UgLRWL7,benny_abbey@correo.com,1NONC3nH5TCs2UgLRWL7.png,The wide rain,0
